"","ADDRESS","ADDR_INDZONE","ADDR_NO_DESCRIPT","INDCAT","JOB","JOBCAT_DESCRIPT","LINK","NAME","OTHERS","PRODUCT","PROFILE"
"1","","","","","","","","","","",""
"6","瑞光路318號","","台北市內湖區","資訊服務業","高級系統設計師-F62R","電腦系統分析師@類目@類目","http://www.systex.com.tw","精誠資訊股份有限公司","1.C/C++/MFC/SQL","服務及解決方案
    1. Big Data解決方案
    2. 企業營運智慧管理
    3. 金融服務解決方案
    4. 虛擬化與雲端應用
    5. 存儲管理應用
    6. IT服務與資料庫管理
    7. 資訊安全應用
    8. 網站及協同作業應用
    9. 委外服務應用
  10. 專業IT教育訓練
  11. 醫療產業解決方案
產品
    1. 金融產品
    2. 存儲管理
    3. 行動應用
    4. 虛擬化與雲端應用
    5. IT系統服務管理
    6. 商業智慧
    7. 資訊安全產品
    8. 應用伺服器
    9. 商用軟體
  10. 大型主機SNA軟硬體","精誠資訊SYSTEX Corporation (台股代號6214) 成立於1997年，是台灣資訊服務產業龍頭企業，擁有近3,000名員工，位居台灣前一百大服務業，為跨足兩岸三地及東南亞的亞洲區域級資訊服務集團公司，在台灣、中國、香港、新加坡、印尼與泰國設有48個營運據點，2012年合併營收為新台幣145億元。

根據台灣權威財經媒體，2013年5月出刊的天下雜誌「台灣五百大服務業調查」，精誠連續7年蟬聯台灣五百大服務業軟體業第一的寶座；同時也是天下雜誌「兩岸三地一千大企業排行」專題報導中唯一入榜的台灣資訊服務企業。

台北上海雙營運總部跨域運作
以台北與上海雙營運總部模式運作，精誠深耕中國大陸市場多年，並已建立起跨域運作與管理的制度，在大中華地區擁有超過1,500家的通路夥伴，同時是多家國際級原廠的核心合作夥伴；在華東、華北、華南與香港設有技術與服務團隊，協助越來越多在大中華區域營運的企業客戶，跨越地理區域限制，支持他們日益增長的業務規模，成為大中華企業在IT服務方面的首選夥伴，目前精誠所服務過的企業與政府客戶已經超過40,000家。

提供全方位專業服務的IT『智』造業
代理超過40種以上國際級產品，精誠從初期的建制規劃、中期的諮詢顧問，到後期維運服務，讓企業的IT投資展現管理價值，並因應現在IT發展趨勢，資通訊匯流、虛擬化與雲端服務、行動應用相關等需求，持續引進優質產品，為企業預先做好準備。此外，精誠也與合作夥伴及經銷商夥伴共同整合資源，彼此分工，策略是架構出台灣資訊服務產業的生態圈，透過整合產業上下游價值鏈，深化行業應用，為客戶提供創新的應用與加值的服務。

用IT創新推動企業前進的力量 
依據IT發展的趨勢，精誠未來將聚焦在「雲服務」、「行動商務應用」，與「大數據精準分析」三大方向，投入應用創新與研發，在雲服務部份，除了代理引進國際級的虛擬化服務，提供在地企業使用雲服務的基礎與整合性解決方案，並針對金融業需求，提供金融雲服務；整合付費、資訊提供、社群服務、信用卡與儲值卡功能，提供完整的行動商務應用解決方案，協助企業導入行動化系統，對內提昇組織運作效率，溝通零障礙，對外創造新客源，為企業掌握行動商機；研發Big Data巨量資料解決方案，以Appliance的設計，提供可承載巨量資料的高效能硬體與作業平台，能在幾分鐘內佈署好操作環境，幫助企業客戶挖掘潛在商機、創造營收。

更詳細的公司介紹請參考企業網站：www.systex.com.tw

<獲獎事蹟>
-2008年榮獲行政院勞工委員會「2008人力創新獎」事業單位團體獎
-2008年榮獲經濟部工業局「97年度工業精銳獎」
-2007年榮獲行政院衛生署頒發「健康職場」認證"
"181","瑞光路318號","","台北市內湖區","資訊服務業","主任系統分析師-F62Z","Internet程式設計師@軟體設計工程師@電腦系統分析師","http://www.systex.com.tw","精誠資訊股份有限公司","1.Java 
2.Html 5, CSS 
3.證券期貨交易","服務及解決方案
    1. Big Data解決方案
    2. 企業營運智慧管理
    3. 金融服務解決方案
    4. 虛擬化與雲端應用
    5. 存儲管理應用
    6. IT服務與資料庫管理
    7. 資訊安全應用
    8. 網站及協同作業應用
    9. 委外服務應用
  10. 專業IT教育訓練
  11. 醫療產業解決方案
產品
    1. 金融產品
    2. 存儲管理
    3. 行動應用
    4. 虛擬化與雲端應用
    5. IT系統服務管理
    6. 商業智慧
    7. 資訊安全產品
    8. 應用伺服器
    9. 商用軟體
  10. 大型主機SNA軟硬體","精誠資訊SYSTEX Corporation (台股代號6214) 成立於1997年，是台灣資訊服務產業龍頭企業，擁有近3,000名員工，位居台灣前一百大服務業，為跨足兩岸三地及東南亞的亞洲區域級資訊服務集團公司，在台灣、中國、香港、新加坡、印尼與泰國設有48個營運據點，2012年合併營收為新台幣145億元。

根據台灣權威財經媒體，2013年5月出刊的天下雜誌「台灣五百大服務業調查」，精誠連續7年蟬聯台灣五百大服務業軟體業第一的寶座；同時也是天下雜誌「兩岸三地一千大企業排行」專題報導中唯一入榜的台灣資訊服務企業。

台北上海雙營運總部跨域運作
以台北與上海雙營運總部模式運作，精誠深耕中國大陸市場多年，並已建立起跨域運作與管理的制度，在大中華地區擁有超過1,500家的通路夥伴，同時是多家國際級原廠的核心合作夥伴；在華東、華北、華南與香港設有技術與服務團隊，協助越來越多在大中華區域營運的企業客戶，跨越地理區域限制，支持他們日益增長的業務規模，成為大中華企業在IT服務方面的首選夥伴，目前精誠所服務過的企業與政府客戶已經超過40,000家。

提供全方位專業服務的IT『智』造業
代理超過40種以上國際級產品，精誠從初期的建制規劃、中期的諮詢顧問，到後期維運服務，讓企業的IT投資展現管理價值，並因應現在IT發展趨勢，資通訊匯流、虛擬化與雲端服務、行動應用相關等需求，持續引進優質產品，為企業預先做好準備。此外，精誠也與合作夥伴及經銷商夥伴共同整合資源，彼此分工，策略是架構出台灣資訊服務產業的生態圈，透過整合產業上下游價值鏈，深化行業應用，為客戶提供創新的應用與加值的服務。

用IT創新推動企業前進的力量 
依據IT發展的趨勢，精誠未來將聚焦在「雲服務」、「行動商務應用」，與「大數據精準分析」三大方向，投入應用創新與研發，在雲服務部份，除了代理引進國際級的虛擬化服務，提供在地企業使用雲服務的基礎與整合性解決方案，並針對金融業需求，提供金融雲服務；整合付費、資訊提供、社群服務、信用卡與儲值卡功能，提供完整的行動商務應用解決方案，協助企業導入行動化系統，對內提昇組織運作效率，溝通零障礙，對外創造新客源，為企業掌握行動商機；研發Big Data巨量資料解決方案，以Appliance的設計，提供可承載巨量資料的高效能硬體與作業平台，能在幾分鐘內佈署好操作環境，幫助企業客戶挖掘潛在商機、創造營收。

更詳細的公司介紹請參考企業網站：www.systex.com.tw

<獲獎事蹟>
-2008年榮獲行政院勞工委員會「2008人力創新獎」事業單位團體獎
-2008年榮獲經濟部工業局「97年度工業精銳獎」
-2007年榮獲行政院衛生署頒發「健康職場」認證"
"52","忠孝西路一段6號14樓","","台北市中正區","人壽保險業","資深數據分析師(資料整合分析人員)","市場調查／市場分析@統計學研究員@類目","http://www.etlife.com.tw","東森人身保險代理人股份有限公司_總公司","1.數據行銷研究(Database Marketing Research)、數據分析(Data Analysis)、或數據挖掘( Data Mining)相關經驗兩年以上。
2.實際負責過分析營運數據與業務報表中有用之關聯特性、資料探勘統計數據解讀/市場趨勢報告製作能力(趨勢報告分析)相關經驗兩年以上
3.熟資料倉儲/市集資料結構設計與應用、Oracle/MS SQL資料庫語言及資料庫操作、MS ETL(Integration Service)資料整合設計、資料採礦技術應用/資料分析報表系統(如SPSS/SAS)","1. 透過電視購物、網路、型錄及電話行銷銷售各種保險商品
2. 開發各種新型態之實體通路銷售各種保險商品","東森人身保險代理人股份有限公司及東森財產保險代理人股份有限公司於2004年1月同時成立，成功打造全國首創保險商品的電視交易平臺，堪稱通路的革命，也是保險的革命。 

東森保險代理人公司除透過得易購最強勢的電視購物頻道，以及型錄、網路、購物報、廣播等銷售平臺，進行保險商品之銷售與保險觀念之推廣外，更透過各種異業結盟，開拓多角化的銷售通路為營運目標。目前已與東森保險簽約合作之業者包括十餘家中外知名的保險公司，著眼電視銷售平臺之興起，洽談合作的公司仍在陸續增加中，而商品的開發除了市場上各種優質保單外，更將針對不同族群量身訂做客制化之獨家商品，以提供消費者最佳的保障組合。 

東森保險的特色包含：
  （一）以「東森嚴選  東森保險」為經營理念--延續企業一貫的經營哲學，東森保險透過與多家優質產、壽險公司合作，及學者專家的共同研究，嚴選出最優質的商品，提供保戶最有利的保障。

（二）以「貼心服務  全年守護」為服務宗旨--改變傳統通路的銷售型態，東森保險提供具高度自主性的消費模式，輔以專業的線上服務人員，全年無休為保戶做即時快速的相關服務。

（三）以「一張保單  一份功德」為企業精神—透過媒體保險新型通路的經營，使保險更加親近消費者、更加普遍化，將保險文化自助助人的真諦發揚光大，彰顯保險真正的價值，為形塑更美好的社會盡一份心力。"
"45","忠孝西路一段6號14樓","","台北市中正區","人壽保險業","資深系統分析師","資料庫管理人員@市場調查／市場分析@類目","http://www.etlife.com.tw","東森人身保險代理人股份有限公司_總公司","1.資料倉儲/市集資料結構設計-3年經驗
2.熟悉ORACLE、MS SQL資料庫語言-3年經驗
3.MS ETL(Integration Service)資料整合設計-3年經驗
4.資料探勘統計數據解讀及市場趨勢報告製作能力-1年經驗
5.具英文相關知識閱讀能力，能獨立作業者，且能配合團隊運作","1. 透過電視購物、網路、型錄及電話行銷銷售各種保險商品
2. 開發各種新型態之實體通路銷售各種保險商品","東森人身保險代理人股份有限公司及東森財產保險代理人股份有限公司於2004年1月同時成立，成功打造全國首創保險商品的電視交易平臺，堪稱通路的革命，也是保險的革命。 

東森保險代理人公司除透過得易購最強勢的電視購物頻道，以及型錄、網路、購物報、廣播等銷售平臺，進行保險商品之銷售與保險觀念之推廣外，更透過各種異業結盟，開拓多角化的銷售通路為營運目標。目前已與東森保險簽約合作之業者包括十餘家中外知名的保險公司，著眼電視銷售平臺之興起，洽談合作的公司仍在陸續增加中，而商品的開發除了市場上各種優質保單外，更將針對不同族群量身訂做客制化之獨家商品，以提供消費者最佳的保障組合。 

東森保險的特色包含：
  （一）以「東森嚴選  東森保險」為經營理念--延續企業一貫的經營哲學，東森保險透過與多家優質產、壽險公司合作，及學者專家的共同研究，嚴選出最優質的商品，提供保戶最有利的保障。

（二）以「貼心服務  全年守護」為服務宗旨--改變傳統通路的銷售型態，東森保險提供具高度自主性的消費模式，輔以專業的線上服務人員，全年無休為保戶做即時快速的相關服務。

（三）以「一張保單  一份功德」為企業精神—透過媒體保險新型通路的經營，使保險更加親近消費者、更加普遍化，將保險文化自助助人的真諦發揚光大，彰顯保險真正的價值，為形塑更美好的社會盡一份心力。"
"60","忠孝西路一段6號14樓","","台北市中正區","人壽保險業","營運績效管理師","營運管理師／系統整合／ERP專案師@其他專案管理師@類目","http://www.etlife.com.tw","東森人身保險代理人股份有限公司_總公司","1.具撰寫論文/營運報告書/市場調查相關經驗
2.精通 ECXEL/Powerpoint製作
3.對Oracle/MS SQL資料庫語言/操作、資料採礦技術應用/資料分析報表系統(如SPSS/SAS)有興趣者佳
4.相關工作經驗2年以上
5.具保險、助理專案管理師證照佳
6.具英文相關知識閱讀能力，邏輯佳、數字敏銳度高且具數據分析經驗，能獨立作業者且能配合團隊運作","1. 透過電視購物、網路、型錄及電話行銷銷售各種保險商品
2. 開發各種新型態之實體通路銷售各種保險商品","東森人身保險代理人股份有限公司及東森財產保險代理人股份有限公司於2004年1月同時成立，成功打造全國首創保險商品的電視交易平臺，堪稱通路的革命，也是保險的革命。 

東森保險代理人公司除透過得易購最強勢的電視購物頻道，以及型錄、網路、購物報、廣播等銷售平臺，進行保險商品之銷售與保險觀念之推廣外，更透過各種異業結盟，開拓多角化的銷售通路為營運目標。目前已與東森保險簽約合作之業者包括十餘家中外知名的保險公司，著眼電視銷售平臺之興起，洽談合作的公司仍在陸續增加中，而商品的開發除了市場上各種優質保單外，更將針對不同族群量身訂做客制化之獨家商品，以提供消費者最佳的保障組合。 

東森保險的特色包含：
  （一）以「東森嚴選  東森保險」為經營理念--延續企業一貫的經營哲學，東森保險透過與多家優質產、壽險公司合作，及學者專家的共同研究，嚴選出最優質的商品，提供保戶最有利的保障。

（二）以「貼心服務  全年守護」為服務宗旨--改變傳統通路的銷售型態，東森保險提供具高度自主性的消費模式，輔以專業的線上服務人員，全年無休為保戶做即時快速的相關服務。

（三）以「一張保單  一份功德」為企業精神—透過媒體保險新型通路的經營，使保險更加親近消費者、更加普遍化，將保險文化自助助人的真諦發揚光大，彰顯保險真正的價值，為形塑更美好的社會盡一份心力。"
"351","中央路4段2號9樓","","新北市土城區","半導體相關製造業","研發助理工程師(R5)","助理工程師@設計助理@工程助理","www.gudeng.com","家登精密工業股份有限公司","1.Pro/E繪圖能力
2.此職務為三個月試用期約聘，待考核通過後，成為正式員工","＊光罩傳載解決方案
　極紫外光光罩傳送盒(EUV POD)
　光罩護膜鋁框
　光罩盒系列
　光罩傳送盒系列
　標準機械介面(SMIF)高階光罩傳送盒系列
　輔助夾治具

＊晶圓傳載解決方案
　18吋前開式晶圓傳送盒(450mm FOUP)
　18吋多功能應用晶圓傳送盒(450mm MAC)
　12吋前開式晶圓傳送盒(300mm FOUP)
　LED/太陽能晶圓用載具
　其他晶圓盒系列

＊機台設備類
　光罩微污染防治氮氣
　超潔淨氣體填充潔淨設備
　高潔淨度光罩儲存櫃
　光罩清洗機
　氣體吹拂式光罩潔淨機
　具充氣功能之光罩儲存櫃
　晶圓搬運車(PGV)

＊清洗維修服務類
　光罩/晶圓載具清洗服務
　微汙染檢測服務
　離子測試
　零組件精密加工服務","家登精密是一家正在高速起飛成長的上櫃企業，
市場定位為全球關鍵材料創新技術的整合服務商，致力於為客戶解決問題，建立深遠的夥伴關係。
主要客戶群涵蓋半導體、太陽能光電、LCD、LED等領域，
為高階光罩傳載技術的市場領導者，更是全球唯一制定國際18吋半導體設備製程規格的臺灣廠商，
全球第一發表18吋前開式晶圓傳送盒(450mm FOUP)與18吋多功能應用晶圓傳送盒(450mm MAC)成品在家登；
全球第一打造18吋晶圓傳載解決方案產線在家登；
全球唯二通過大廠認證的極紫外光光罩傳送盒(EUV POD)也在家登！

自1998年成立以來，家登年營業額維持逐年攀升的佳績，
2005年營收突破九位數達1.5億後，
2012年再破十位數大關達13.6億，並啟用第二廠區－南科廠，
2014年持續進行擴廠計畫，興建第三廠區－樹谷廠，預計2016年正式投產．
同時近年積極拓展多角化布局，跨足大陸汽車通路市場，持有蘇州市吳江新創汽車貿易公司。

讓每一位家登人在這裡得到財富、得到舞台，是家登存在的意義，
我們不僅希望公司可以在台灣這片土地上永續經營，
更希望讓每一個利害關係人都可以擁有長長久久的幸福，
因此家登的英文名“Gudeng” ，就是取閩南語「久久長長」的涵義。

【重要沿革】
　2014　第22屆台灣精品獎
　　　　 公司治理制度評量認證
　　　 　TIPS深入驗證

　2012　南科分公司成立 
　　　 　全球第一發表18吋前開式晶圓傳送盒(450mm FOUP)與18吋多功能應用晶圓傳送盒(450mm MAC)成品
　　　 　全球第一打造18吋晶圓傳載解決方案產線在家登
　　　 　第20屆台灣精品獎

　2011　股票掛牌上櫃 
　　　 　第21屆國家品質獎 
　　　 　第1屆國家產業創新獎-卓越中小企業獎 
　　　 　第18屆產業創新獎

　2009　股票登錄興櫃 
　　　 　98年度產業創新成果獎 
　　　 　第17屆經濟部產業科技發展獎

　2008　投入18吋晶圓載具研發，為第一個也是唯一一家參與國際18吋半導體設備製程研發的臺灣廠商 
　　　 　第11屆小巨人獎 

　2007　國家經濟部企業電子化認證
　　　　 第16屆國家磐石獎 
　　　　 第30屆青年創業楷模與相扶獎

　2005　成功開發光罩清洗機，跨入半導體前端設備製造。
　　　 　第13屆中小企業創新研究獎

　1999　切入半導體前段製程設備、零件領域，開始研發黃光微影製程用零組件。

　19983月20日　公司創立，專注於塑膠外殼模具CNC加工。"
"370","中央路4段2號9樓","","新北市土城區","半導體相關製造業","研發助理工程師(R2)","助理工程師@設計助理@工程助理","www.gudeng.com","家登精密工業股份有限公司","1.模具製作、CNC車洗床、產品3D設計相關經驗尤佳
2.此職務為三個月試用期約聘，待考核通過後，成為正式員工","＊光罩傳載解決方案
　極紫外光光罩傳送盒(EUV POD)
　光罩護膜鋁框
　光罩盒系列
　光罩傳送盒系列
　標準機械介面(SMIF)高階光罩傳送盒系列
　輔助夾治具

＊晶圓傳載解決方案
　18吋前開式晶圓傳送盒(450mm FOUP)
　18吋多功能應用晶圓傳送盒(450mm MAC)
　12吋前開式晶圓傳送盒(300mm FOUP)
　LED/太陽能晶圓用載具
　其他晶圓盒系列

＊機台設備類
　光罩微污染防治氮氣
　超潔淨氣體填充潔淨設備
　高潔淨度光罩儲存櫃
　光罩清洗機
　氣體吹拂式光罩潔淨機
　具充氣功能之光罩儲存櫃
　晶圓搬運車(PGV)

＊清洗維修服務類
　光罩/晶圓載具清洗服務
　微汙染檢測服務
　離子測試
　零組件精密加工服務","家登精密是一家正在高速起飛成長的上櫃企業，
市場定位為全球關鍵材料創新技術的整合服務商，致力於為客戶解決問題，建立深遠的夥伴關係。
主要客戶群涵蓋半導體、太陽能光電、LCD、LED等領域，
為高階光罩傳載技術的市場領導者，更是全球唯一制定國際18吋半導體設備製程規格的臺灣廠商，
全球第一發表18吋前開式晶圓傳送盒(450mm FOUP)與18吋多功能應用晶圓傳送盒(450mm MAC)成品在家登；
全球第一打造18吋晶圓傳載解決方案產線在家登；
全球唯二通過大廠認證的極紫外光光罩傳送盒(EUV POD)也在家登！

自1998年成立以來，家登年營業額維持逐年攀升的佳績，
2005年營收突破九位數達1.5億後，
2012年再破十位數大關達13.6億，並啟用第二廠區－南科廠，
2014年持續進行擴廠計畫，興建第三廠區－樹谷廠，預計2016年正式投產．
同時近年積極拓展多角化布局，跨足大陸汽車通路市場，持有蘇州市吳江新創汽車貿易公司。

讓每一位家登人在這裡得到財富、得到舞台，是家登存在的意義，
我們不僅希望公司可以在台灣這片土地上永續經營，
更希望讓每一個利害關係人都可以擁有長長久久的幸福，
因此家登的英文名“Gudeng” ，就是取閩南語「久久長長」的涵義。

【重要沿革】
　2014　第22屆台灣精品獎
　　　　 公司治理制度評量認證
　　　 　TIPS深入驗證

　2012　南科分公司成立 
　　　 　全球第一發表18吋前開式晶圓傳送盒(450mm FOUP)與18吋多功能應用晶圓傳送盒(450mm MAC)成品
　　　 　全球第一打造18吋晶圓傳載解決方案產線在家登
　　　 　第20屆台灣精品獎

　2011　股票掛牌上櫃 
　　　 　第21屆國家品質獎 
　　　 　第1屆國家產業創新獎-卓越中小企業獎 
　　　 　第18屆產業創新獎

　2009　股票登錄興櫃 
　　　 　98年度產業創新成果獎 
　　　 　第17屆經濟部產業科技發展獎

　2008　投入18吋晶圓載具研發，為第一個也是唯一一家參與國際18吋半導體設備製程研發的臺灣廠商 
　　　 　第11屆小巨人獎 

　2007　國家經濟部企業電子化認證
　　　　 第16屆國家磐石獎 
　　　　 第30屆青年創業楷模與相扶獎

　2005　成功開發光罩清洗機，跨入半導體前端設備製造。
　　　 　第13屆中小企業創新研究獎

　1999　切入半導體前段製程設備、零件領域，開始研發黃光微影製程用零組件。

　19983月20日　公司創立，專注於塑膠外殼模具CNC加工。"
"701","敦化南路2段105號13樓","","台北市大安區","企業人力資源解決方案服務、人才派遣服務、中高階人才轉職服務","701R-塗料銷售專員註點特力屋北屯店","門市／店員／專櫃人員@國內業務主管@店長／賣場管理人員","www.manpower.com.tw","萬寶華企業管理顧問股份有限公司","","∼求職諮詢服務
萬寶華不向求職者收取費用，因此不論您是計畫轉職、待業中、社會新鮮人或是學生打工、上班族兼差，萬寶華熱心專業的顧問群都能為您量身訂做免費的求職服務，提供您各產業的職位，如：中高階主管、專業人員，或是兼差、短期、工讀等工作機會。

∼創新的人力資源解決方案
萬寶華的解決方案涵蓋企業中所有與人才發展相關的項目，包括人才招募、評估、培訓、職涯管理、外包及諮詢等服務。萬寶華擁有全球最廣且領先業界的服務網絡，結合全球視野及在地經驗，服務全球各行各業的跨國公司及中小企業達400,000 家。萬寶華連結人才潛力和企業目標，協助人才和企業達成超乎想像的成果。由此，萬寶華創造企業前進的力量，加速人才的成功，並致力經營雙方長期發展的關係。
服務範圍包括：
【解決方案服務】
1.招募流程外包(Recruitment Process Outsourcing)
2.專項技能外包(Talent Based Outsourcing)
3.人才供應鏈管理(Managed Service Provider)
【人力資源服務】
1.人才招募
2.人事管理
3.人才派遣","ManpowerGroup萬寶華成立於1948年，集團總部設於美國威斯康辛州密爾瓦基市，為紐約證券交易所上市公司(NYSE: MAN)，營運據點遍及全球80個國家和地區共3,100個服務據點，是一家專注提供創新人力資源解決方案的公司，在業界擁有長達65年以上的深厚經驗。身為產業專家，我們每天協助超過600,000位求職者找到適才適所且更有意義的工作。

萬寶華台灣分公司成立於1997年，總部設於台北，服務據點涵蓋台灣各主要城市，萬寶華台灣團隊由來自各產業的人力資源顧問組成，憑藉著對不同產業的專業知識、經驗與熱忱，掌握客戶需求，快速提供企業最合適的人才。

萬寶華致力於引領革新並提供創新人力資源解決方案，精準掌握全球職場趨勢，包括每季發佈下一季度的「全球就業展望調查」、年度「人才短缺調查」及系列白皮書等行之有年、公信力高的調查報告。我們不僅深入了解產業及市場的人才需求，同時更精準連結人才與企業發展目標。

萬寶華2014年連續第四度獲選為「最佳商業道德典範企業」以及《財富》(Fortune) 雜誌「全球最受讚賞公司」，顯示萬寶華是人才招募產業中最值得信賴的品牌。"
"1526","湖口工業區光復南路33號(303)","","新竹縣湖口鄉","半導體相關業","R001-研發工程師(醫美及先進材料事業處)","材料研發人員@化工化學工程師@機構工程師","http://www.jtpc.com.tw/","和淞科技股份有限公司","","1.Plastic Components for Chemical Supply Systems(Valve,Fittings,Pump)化學供應系統塑膠材質零配件(如閥,幫浦,轉接頭)   
2.Stainless Components for Gas Supply System (Stainless Valve,Fitting,Mass Flow Controller)氣體供應系統中不袗材質零配件(如閥,轉接頭)及流量控制器
3.Equipment for Gas Supply Systems(Gas Purifier,Dry Scrubber,Wet & Burn Scrubber,PFC Scrubber)氣體純化器,特殊氣體之廢棄處理設備","成立於1996年7月，致力半導體原材料與設備供應，包含管材、閥件、轉接頭、幫浦、流量計、氣體純化器、廢氣處理裝置等產品，主要應用領域為半導體廠、光電廠之廠務系統。    

經銷完整的廠務設備與原材料，藉由提供優質技術支援與售後服務，使半導體、光電產業的顧客能夠在高良率、低成本條件下，生產高附加價值的尖端科技產品。    
和淞科技之客戶群涵蓋國內外知名半導體廠與光電廠。未來，和淞將持續提昇品質與技術層次，提供客戶全方位服務。    

和淞目前積極著手企業E化，規劃上櫃/上市，以期擁有充份的資金來源能持續投資擴廠。因應大陸市場的潛在需求，將本著「經營臺灣，放眼大陸」策略，拓展產品行銷通路至整個大中華圈。"
"1642","瑞光路302號6樓","","台北市內湖區","資訊軟體服務業","R-.NET SD/PG","軟體設計工程師@電腦系統分析師@類目","www.WistronITS.com","緯創軟體股份有限公司","1. 熟.Net Framework 1.1以上及C#。
2. 具專案系統開發經驗者尤佳。","※產品工程服務
提供超過一億五千萬的翻譯字數、服務語系高達 28 種以上、超過300人年對亞洲語文雙位元組開發經驗、提供超過100人年的語文驗證測試。 

※技術顧問服務
協助企業解決資訊人才與資源供需不平衡的問題，根據客戶之需求條件，提供適任之技術人力至指定的工作地點執行任務。

※資訊委外服務 
系統開發(包括系統規劃、分析、設計開發、測試及導入 )、系統維護(系統營運服務、問題排除、新需求開發等)、研發服務(如中介系統研發、嵌入式系統-embedded system 研發、資料交換介面研發等)。

※業務流程委外服務
資料輸入與校正、財務人事作業、會員入會申辦與會員服務、客服中心、資料中心等。","「因應市場國際化需求，從亞洲出發，成為國際級的IT服務提供者」是緯創軟體的願景。

緯創軟體公司成立於1992年6月，是緯創集團轄下的軟體旗艦公司，公司創立的目的，乃是要提供客戶及合作夥伴一個「最值得信任的軟體外包夥伴」，並成為「世界級的軟體開發公司」。 

緯創軟體成立迄今，公司規模已有1500人，並累積了超過1000個以上的專案經驗，服務的客戶群包括美國財星雜誌前500大公司及歐洲、亞洲等地區的著名企業，並成功的開創台灣、中國及日本的市場，成為軟體服務業的標竿企業。而公司最大的競爭優勢在於：領先的專業技術、<U+4E24>岸三地的運作模式、對於亞洲市場的掌握能力、以及結合人才(People)、技術(Technology)的完整開發流程(Process)。秉持這些優勢，因而能值得客戶信賴。 

緯創軟體(北京)率先於2005年1月28日成功通過「能力成熟度」 (CMMI-Capability Maturity Model Integrated)三級評鑑，並正式取得認證。緯創軟體(台北)也已於2008年4月通過CMMI ML3的評鑑。緯創軟體於2014年11月1日，正式通過ISO/IEC 27001:2013 新版資訊安全國際認證。透過通過這類國際標準之認證，不僅代表我們的開發技術已和國際軟體開發標準接軌，同時證明我們的服務品質及資訊安全標準己達國際水準。更積極的意義，代表企業不斷追求卓越以期提供客戶更高品質服務所做出之努力。 

緯創軟體享有集團豐沛的資源，不論在經營管理、專業技術、人才、通路及財務等方面，均能獲得母公司充份的協助，因此，經營團隊能在「客尊」、「誠信」及「創新」的經營理念下，創造員工、客戶及公司的三方皆贏的永續經營。"
"1643","瑞光路302號6樓","","台北市內湖區","資訊軟體服務業","R-Java SD/PG","電腦系統分析師@軟體設計工程師@Internet程式設計師","www.WistronITS.com","緯創軟體股份有限公司","1. 熟Java相關技術。
2. 熟悉DB：Oracle、AP Sever、Web Logic、Tomcat。
3. 開發工具：Eclipse、Framework、Struts、Hibernate、Spring開發。","※產品工程服務
提供超過一億五千萬的翻譯字數、服務語系高達 28 種以上、超過300人年對亞洲語文雙位元組開發經驗、提供超過100人年的語文驗證測試。 

※技術顧問服務
協助企業解決資訊人才與資源供需不平衡的問題，根據客戶之需求條件，提供適任之技術人力至指定的工作地點執行任務。

※資訊委外服務 
系統開發(包括系統規劃、分析、設計開發、測試及導入 )、系統維護(系統營運服務、問題排除、新需求開發等)、研發服務(如中介系統研發、嵌入式系統-embedded system 研發、資料交換介面研發等)。

※業務流程委外服務
資料輸入與校正、財務人事作業、會員入會申辦與會員服務、客服中心、資料中心等。","「因應市場國際化需求，從亞洲出發，成為國際級的IT服務提供者」是緯創軟體的願景。

緯創軟體公司成立於1992年6月，是緯創集團轄下的軟體旗艦公司，公司創立的目的，乃是要提供客戶及合作夥伴一個「最值得信任的軟體外包夥伴」，並成為「世界級的軟體開發公司」。 

緯創軟體成立迄今，公司規模已有1500人，並累積了超過1000個以上的專案經驗，服務的客戶群包括美國財星雜誌前500大公司及歐洲、亞洲等地區的著名企業，並成功的開創台灣、中國及日本的市場，成為軟體服務業的標竿企業。而公司最大的競爭優勢在於：領先的專業技術、<U+4E24>岸三地的運作模式、對於亞洲市場的掌握能力、以及結合人才(People)、技術(Technology)的完整開發流程(Process)。秉持這些優勢，因而能值得客戶信賴。 

緯創軟體(北京)率先於2005年1月28日成功通過「能力成熟度」 (CMMI-Capability Maturity Model Integrated)三級評鑑，並正式取得認證。緯創軟體(台北)也已於2008年4月通過CMMI ML3的評鑑。緯創軟體於2014年11月1日，正式通過ISO/IEC 27001:2013 新版資訊安全國際認證。透過通過這類國際標準之認證，不僅代表我們的開發技術已和國際軟體開發標準接軌，同時證明我們的服務品質及資訊安全標準己達國際水準。更積極的意義，代表企業不斷追求卓越以期提供客戶更高品質服務所做出之努力。 

緯創軟體享有集團豐沛的資源，不論在經營管理、專業技術、人才、通路及財務等方面，均能獲得母公司充份的協助，因此，經營團隊能在「客尊」、「誠信」及「創新」的經營理念下，創造員工、客戶及公司的三方皆贏的永續經營。"
"1644","瑞光路302號6樓","","台北市內湖區","資訊軟體服務業","R-QA測試工程師","其他資訊專業人員@類目@類目","www.WistronITS.com","緯創軟體股份有限公司","1. 軟體/系統測試經驗 2年以上。
2. 具備測試工具經驗。ex：HP Loacl Runner , HP Webinspect , Jmeter , nessus , Check marx
3. 虛擬雲端經驗。
4. 撰寫測試文件，Client端自動化test。","※產品工程服務
提供超過一億五千萬的翻譯字數、服務語系高達 28 種以上、超過300人年對亞洲語文雙位元組開發經驗、提供超過100人年的語文驗證測試。 

※技術顧問服務
協助企業解決資訊人才與資源供需不平衡的問題，根據客戶之需求條件，提供適任之技術人力至指定的工作地點執行任務。

※資訊委外服務 
系統開發(包括系統規劃、分析、設計開發、測試及導入 )、系統維護(系統營運服務、問題排除、新需求開發等)、研發服務(如中介系統研發、嵌入式系統-embedded system 研發、資料交換介面研發等)。

※業務流程委外服務
資料輸入與校正、財務人事作業、會員入會申辦與會員服務、客服中心、資料中心等。","「因應市場國際化需求，從亞洲出發，成為國際級的IT服務提供者」是緯創軟體的願景。

緯創軟體公司成立於1992年6月，是緯創集團轄下的軟體旗艦公司，公司創立的目的，乃是要提供客戶及合作夥伴一個「最值得信任的軟體外包夥伴」，並成為「世界級的軟體開發公司」。 

緯創軟體成立迄今，公司規模已有1500人，並累積了超過1000個以上的專案經驗，服務的客戶群包括美國財星雜誌前500大公司及歐洲、亞洲等地區的著名企業，並成功的開創台灣、中國及日本的市場，成為軟體服務業的標竿企業。而公司最大的競爭優勢在於：領先的專業技術、<U+4E24>岸三地的運作模式、對於亞洲市場的掌握能力、以及結合人才(People)、技術(Technology)的完整開發流程(Process)。秉持這些優勢，因而能值得客戶信賴。 

緯創軟體(北京)率先於2005年1月28日成功通過「能力成熟度」 (CMMI-Capability Maturity Model Integrated)三級評鑑，並正式取得認證。緯創軟體(台北)也已於2008年4月通過CMMI ML3的評鑑。緯創軟體於2014年11月1日，正式通過ISO/IEC 27001:2013 新版資訊安全國際認證。透過通過這類國際標準之認證，不僅代表我們的開發技術已和國際軟體開發標準接軌，同時證明我們的服務品質及資訊安全標準己達國際水準。更積極的意義，代表企業不斷追求卓越以期提供客戶更高品質服務所做出之努力。 

緯創軟體享有集團豐沛的資源，不論在經營管理、專業技術、人才、通路及財務等方面，均能獲得母公司充份的協助，因此，經營團隊能在「客尊」、「誠信」及「創新」的經營理念下，創造員工、客戶及公司的三方皆贏的永續經營。"
"1645","瑞光路302號6樓","","台北市內湖區","資訊軟體服務業","R-系統分析師SA","電腦系統分析師@類目@類目","www.WistronITS.com","緯創軟體股份有限公司","1. 3年以上的軟體系統分析師的經驗。
2. 3年以上的金融、電信、製造、醫療等產業經驗。
3. 擁有勇於學的心態, 積極和強烈的企圖心。
4. 5年以上的Java或.NET等軟體系統開發的經驗。","※產品工程服務
提供超過一億五千萬的翻譯字數、服務語系高達 28 種以上、超過300人年對亞洲語文雙位元組開發經驗、提供超過100人年的語文驗證測試。 

※技術顧問服務
協助企業解決資訊人才與資源供需不平衡的問題，根據客戶之需求條件，提供適任之技術人力至指定的工作地點執行任務。

※資訊委外服務 
系統開發(包括系統規劃、分析、設計開發、測試及導入 )、系統維護(系統營運服務、問題排除、新需求開發等)、研發服務(如中介系統研發、嵌入式系統-embedded system 研發、資料交換介面研發等)。

※業務流程委外服務
資料輸入與校正、財務人事作業、會員入會申辦與會員服務、客服中心、資料中心等。","「因應市場國際化需求，從亞洲出發，成為國際級的IT服務提供者」是緯創軟體的願景。

緯創軟體公司成立於1992年6月，是緯創集團轄下的軟體旗艦公司，公司創立的目的，乃是要提供客戶及合作夥伴一個「最值得信任的軟體外包夥伴」，並成為「世界級的軟體開發公司」。 

緯創軟體成立迄今，公司規模已有1500人，並累積了超過1000個以上的專案經驗，服務的客戶群包括美國財星雜誌前500大公司及歐洲、亞洲等地區的著名企業，並成功的開創台灣、中國及日本的市場，成為軟體服務業的標竿企業。而公司最大的競爭優勢在於：領先的專業技術、<U+4E24>岸三地的運作模式、對於亞洲市場的掌握能力、以及結合人才(People)、技術(Technology)的完整開發流程(Process)。秉持這些優勢，因而能值得客戶信賴。 

緯創軟體(北京)率先於2005年1月28日成功通過「能力成熟度」 (CMMI-Capability Maturity Model Integrated)三級評鑑，並正式取得認證。緯創軟體(台北)也已於2008年4月通過CMMI ML3的評鑑。緯創軟體於2014年11月1日，正式通過ISO/IEC 27001:2013 新版資訊安全國際認證。透過通過這類國際標準之認證，不僅代表我們的開發技術已和國際軟體開發標準接軌，同時證明我們的服務品質及資訊安全標準己達國際水準。更積極的意義，代表企業不斷追求卓越以期提供客戶更高品質服務所做出之努力。 

緯創軟體享有集團豐沛的資源，不論在經營管理、專業技術、人才、通路及財務等方面，均能獲得母公司充份的協助，因此，經營團隊能在「客尊」、「誠信」及「創新」的經營理念下，創造員工、客戶及公司的三方皆贏的永續經營。"
"1646","瑞光路302號6樓","","台北市內湖區","資訊軟體服務業","R-PHP SD/PG","Internet程式設計師@軟體設計工程師@類目","www.WistronITS.com","緯創軟體股份有限公司","","※產品工程服務
提供超過一億五千萬的翻譯字數、服務語系高達 28 種以上、超過300人年對亞洲語文雙位元組開發經驗、提供超過100人年的語文驗證測試。 

※技術顧問服務
協助企業解決資訊人才與資源供需不平衡的問題，根據客戶之需求條件，提供適任之技術人力至指定的工作地點執行任務。

※資訊委外服務 
系統開發(包括系統規劃、分析、設計開發、測試及導入 )、系統維護(系統營運服務、問題排除、新需求開發等)、研發服務(如中介系統研發、嵌入式系統-embedded system 研發、資料交換介面研發等)。

※業務流程委外服務
資料輸入與校正、財務人事作業、會員入會申辦與會員服務、客服中心、資料中心等。","「因應市場國際化需求，從亞洲出發，成為國際級的IT服務提供者」是緯創軟體的願景。

緯創軟體公司成立於1992年6月，是緯創集團轄下的軟體旗艦公司，公司創立的目的，乃是要提供客戶及合作夥伴一個「最值得信任的軟體外包夥伴」，並成為「世界級的軟體開發公司」。 

緯創軟體成立迄今，公司規模已有1500人，並累積了超過1000個以上的專案經驗，服務的客戶群包括美國財星雜誌前500大公司及歐洲、亞洲等地區的著名企業，並成功的開創台灣、中國及日本的市場，成為軟體服務業的標竿企業。而公司最大的競爭優勢在於：領先的專業技術、<U+4E24>岸三地的運作模式、對於亞洲市場的掌握能力、以及結合人才(People)、技術(Technology)的完整開發流程(Process)。秉持這些優勢，因而能值得客戶信賴。 

緯創軟體(北京)率先於2005年1月28日成功通過「能力成熟度」 (CMMI-Capability Maturity Model Integrated)三級評鑑，並正式取得認證。緯創軟體(台北)也已於2008年4月通過CMMI ML3的評鑑。緯創軟體於2014年11月1日，正式通過ISO/IEC 27001:2013 新版資訊安全國際認證。透過通過這類國際標準之認證，不僅代表我們的開發技術已和國際軟體開發標準接軌，同時證明我們的服務品質及資訊安全標準己達國際水準。更積極的意義，代表企業不斷追求卓越以期提供客戶更高品質服務所做出之努力。 

緯創軟體享有集團豐沛的資源，不論在經營管理、專業技術、人才、通路及財務等方面，均能獲得母公司充份的協助，因此，經營團隊能在「客尊」、「誠信」及「創新」的經營理念下，創造員工、客戶及公司的三方皆贏的永續經營。"
"1647","瑞光路302號6樓","","台北市內湖區","資訊軟體服務業","R-UI測試工程師","網頁設計師@Internet程式設計師@平面設計／美編人員","www.WistronITS.com","緯創軟體股份有限公司","","※產品工程服務
提供超過一億五千萬的翻譯字數、服務語系高達 28 種以上、超過300人年對亞洲語文雙位元組開發經驗、提供超過100人年的語文驗證測試。 

※技術顧問服務
協助企業解決資訊人才與資源供需不平衡的問題，根據客戶之需求條件，提供適任之技術人力至指定的工作地點執行任務。

※資訊委外服務 
系統開發(包括系統規劃、分析、設計開發、測試及導入 )、系統維護(系統營運服務、問題排除、新需求開發等)、研發服務(如中介系統研發、嵌入式系統-embedded system 研發、資料交換介面研發等)。

※業務流程委外服務
資料輸入與校正、財務人事作業、會員入會申辦與會員服務、客服中心、資料中心等。","「因應市場國際化需求，從亞洲出發，成為國際級的IT服務提供者」是緯創軟體的願景。

緯創軟體公司成立於1992年6月，是緯創集團轄下的軟體旗艦公司，公司創立的目的，乃是要提供客戶及合作夥伴一個「最值得信任的軟體外包夥伴」，並成為「世界級的軟體開發公司」。 

緯創軟體成立迄今，公司規模已有1500人，並累積了超過1000個以上的專案經驗，服務的客戶群包括美國財星雜誌前500大公司及歐洲、亞洲等地區的著名企業，並成功的開創台灣、中國及日本的市場，成為軟體服務業的標竿企業。而公司最大的競爭優勢在於：領先的專業技術、<U+4E24>岸三地的運作模式、對於亞洲市場的掌握能力、以及結合人才(People)、技術(Technology)的完整開發流程(Process)。秉持這些優勢，因而能值得客戶信賴。 

緯創軟體(北京)率先於2005年1月28日成功通過「能力成熟度」 (CMMI-Capability Maturity Model Integrated)三級評鑑，並正式取得認證。緯創軟體(台北)也已於2008年4月通過CMMI ML3的評鑑。緯創軟體於2014年11月1日，正式通過ISO/IEC 27001:2013 新版資訊安全國際認證。透過通過這類國際標準之認證，不僅代表我們的開發技術已和國際軟體開發標準接軌，同時證明我們的服務品質及資訊安全標準己達國際水準。更積極的意義，代表企業不斷追求卓越以期提供客戶更高品質服務所做出之努力。 

緯創軟體享有集團豐沛的資源，不論在經營管理、專業技術、人才、通路及財務等方面，均能獲得母公司充份的協助，因此，經營團隊能在「客尊」、「誠信」及「創新」的經營理念下，創造員工、客戶及公司的三方皆贏的永續經營。"
"1648","瑞光路302號6樓","","台北市內湖區","資訊軟體服務業","R-軟體專案經理PM","軟體專案主管@電腦系統分析師@軟體相關專案管理師","www.WistronITS.com","緯創軟體股份有限公司","","※產品工程服務
提供超過一億五千萬的翻譯字數、服務語系高達 28 種以上、超過300人年對亞洲語文雙位元組開發經驗、提供超過100人年的語文驗證測試。 

※技術顧問服務
協助企業解決資訊人才與資源供需不平衡的問題，根據客戶之需求條件，提供適任之技術人力至指定的工作地點執行任務。

※資訊委外服務 
系統開發(包括系統規劃、分析、設計開發、測試及導入 )、系統維護(系統營運服務、問題排除、新需求開發等)、研發服務(如中介系統研發、嵌入式系統-embedded system 研發、資料交換介面研發等)。

※業務流程委外服務
資料輸入與校正、財務人事作業、會員入會申辦與會員服務、客服中心、資料中心等。","「因應市場國際化需求，從亞洲出發，成為國際級的IT服務提供者」是緯創軟體的願景。

緯創軟體公司成立於1992年6月，是緯創集團轄下的軟體旗艦公司，公司創立的目的，乃是要提供客戶及合作夥伴一個「最值得信任的軟體外包夥伴」，並成為「世界級的軟體開發公司」。 

緯創軟體成立迄今，公司規模已有1500人，並累積了超過1000個以上的專案經驗，服務的客戶群包括美國財星雜誌前500大公司及歐洲、亞洲等地區的著名企業，並成功的開創台灣、中國及日本的市場，成為軟體服務業的標竿企業。而公司最大的競爭優勢在於：領先的專業技術、<U+4E24>岸三地的運作模式、對於亞洲市場的掌握能力、以及結合人才(People)、技術(Technology)的完整開發流程(Process)。秉持這些優勢，因而能值得客戶信賴。 

緯創軟體(北京)率先於2005年1月28日成功通過「能力成熟度」 (CMMI-Capability Maturity Model Integrated)三級評鑑，並正式取得認證。緯創軟體(台北)也已於2008年4月通過CMMI ML3的評鑑。緯創軟體於2014年11月1日，正式通過ISO/IEC 27001:2013 新版資訊安全國際認證。透過通過這類國際標準之認證，不僅代表我們的開發技術已和國際軟體開發標準接軌，同時證明我們的服務品質及資訊安全標準己達國際水準。更積極的意義，代表企業不斷追求卓越以期提供客戶更高品質服務所做出之努力。 

緯創軟體享有集團豐沛的資源，不論在經營管理、專業技術、人才、通路及財務等方面，均能獲得母公司充份的協助，因此，經營團隊能在「客尊」、「誠信」及「創新」的經營理念下，創造員工、客戶及公司的三方皆贏的永續經營。"
"1650","瑞光路302號6樓","","台北市內湖區","資訊軟體服務業","R-語音測試人員(簡體中文測試)","其他資訊專業人員@資訊助理人員@類目","www.WistronITS.com","緯創軟體股份有限公司","1.英文聽說(中等)，讀寫(優)","※產品工程服務
提供超過一億五千萬的翻譯字數、服務語系高達 28 種以上、超過300人年對亞洲語文雙位元組開發經驗、提供超過100人年的語文驗證測試。 

※技術顧問服務
協助企業解決資訊人才與資源供需不平衡的問題，根據客戶之需求條件，提供適任之技術人力至指定的工作地點執行任務。

※資訊委外服務 
系統開發(包括系統規劃、分析、設計開發、測試及導入 )、系統維護(系統營運服務、問題排除、新需求開發等)、研發服務(如中介系統研發、嵌入式系統-embedded system 研發、資料交換介面研發等)。

※業務流程委外服務
資料輸入與校正、財務人事作業、會員入會申辦與會員服務、客服中心、資料中心等。","「因應市場國際化需求，從亞洲出發，成為國際級的IT服務提供者」是緯創軟體的願景。

緯創軟體公司成立於1992年6月，是緯創集團轄下的軟體旗艦公司，公司創立的目的，乃是要提供客戶及合作夥伴一個「最值得信任的軟體外包夥伴」，並成為「世界級的軟體開發公司」。 

緯創軟體成立迄今，公司規模已有1500人，並累積了超過1000個以上的專案經驗，服務的客戶群包括美國財星雜誌前500大公司及歐洲、亞洲等地區的著名企業，並成功的開創台灣、中國及日本的市場，成為軟體服務業的標竿企業。而公司最大的競爭優勢在於：領先的專業技術、<U+4E24>岸三地的運作模式、對於亞洲市場的掌握能力、以及結合人才(People)、技術(Technology)的完整開發流程(Process)。秉持這些優勢，因而能值得客戶信賴。 

緯創軟體(北京)率先於2005年1月28日成功通過「能力成熟度」 (CMMI-Capability Maturity Model Integrated)三級評鑑，並正式取得認證。緯創軟體(台北)也已於2008年4月通過CMMI ML3的評鑑。緯創軟體於2014年11月1日，正式通過ISO/IEC 27001:2013 新版資訊安全國際認證。透過通過這類國際標準之認證，不僅代表我們的開發技術已和國際軟體開發標準接軌，同時證明我們的服務品質及資訊安全標準己達國際水準。更積極的意義，代表企業不斷追求卓越以期提供客戶更高品質服務所做出之努力。 

緯創軟體享有集團豐沛的資源，不論在經營管理、專業技術、人才、通路及財務等方面，均能獲得母公司充份的協助，因此，經營團隊能在「客尊」、「誠信」及「創新」的經營理念下，創造員工、客戶及公司的三方皆贏的永續經營。"
"1654","瑞光路302號6樓","","台北市內湖區","資訊軟體服務業","R-語音測試人員(繁體中文測試)","其他資訊專業人員@資訊助理人員@類目","www.WistronITS.com","緯創軟體股份有限公司","1.英文聽說(中等)，讀寫(優)
2.須居住在香港身分者優先","※產品工程服務
提供超過一億五千萬的翻譯字數、服務語系高達 28 種以上、超過300人年對亞洲語文雙位元組開發經驗、提供超過100人年的語文驗證測試。 

※技術顧問服務
協助企業解決資訊人才與資源供需不平衡的問題，根據客戶之需求條件，提供適任之技術人力至指定的工作地點執行任務。

※資訊委外服務 
系統開發(包括系統規劃、分析、設計開發、測試及導入 )、系統維護(系統營運服務、問題排除、新需求開發等)、研發服務(如中介系統研發、嵌入式系統-embedded system 研發、資料交換介面研發等)。

※業務流程委外服務
資料輸入與校正、財務人事作業、會員入會申辦與會員服務、客服中心、資料中心等。","「因應市場國際化需求，從亞洲出發，成為國際級的IT服務提供者」是緯創軟體的願景。

緯創軟體公司成立於1992年6月，是緯創集團轄下的軟體旗艦公司，公司創立的目的，乃是要提供客戶及合作夥伴一個「最值得信任的軟體外包夥伴」，並成為「世界級的軟體開發公司」。 

緯創軟體成立迄今，公司規模已有1500人，並累積了超過1000個以上的專案經驗，服務的客戶群包括美國財星雜誌前500大公司及歐洲、亞洲等地區的著名企業，並成功的開創台灣、中國及日本的市場，成為軟體服務業的標竿企業。而公司最大的競爭優勢在於：領先的專業技術、<U+4E24>岸三地的運作模式、對於亞洲市場的掌握能力、以及結合人才(People)、技術(Technology)的完整開發流程(Process)。秉持這些優勢，因而能值得客戶信賴。 

緯創軟體(北京)率先於2005年1月28日成功通過「能力成熟度」 (CMMI-Capability Maturity Model Integrated)三級評鑑，並正式取得認證。緯創軟體(台北)也已於2008年4月通過CMMI ML3的評鑑。緯創軟體於2014年11月1日，正式通過ISO/IEC 27001:2013 新版資訊安全國際認證。透過通過這類國際標準之認證，不僅代表我們的開發技術已和國際軟體開發標準接軌，同時證明我們的服務品質及資訊安全標準己達國際水準。更積極的意義，代表企業不斷追求卓越以期提供客戶更高品質服務所做出之努力。 

緯創軟體享有集團豐沛的資源，不論在經營管理、專業技術、人才、通路及財務等方面，均能獲得母公司充份的協助，因此，經營團隊能在「客尊」、「誠信」及「創新」的經營理念下，創造員工、客戶及公司的三方皆贏的永續經營。"
"1655","瑞光路302號6樓","","台北市內湖區","資訊軟體服務業","R-語音測試人員(韓文測試)","其他資訊專業人員@資訊助理人員@類目","www.WistronITS.com","緯創軟體股份有限公司","1.英文聽說(中等)，讀寫(優)
2.韓文需為母語","※產品工程服務
提供超過一億五千萬的翻譯字數、服務語系高達 28 種以上、超過300人年對亞洲語文雙位元組開發經驗、提供超過100人年的語文驗證測試。 

※技術顧問服務
協助企業解決資訊人才與資源供需不平衡的問題，根據客戶之需求條件，提供適任之技術人力至指定的工作地點執行任務。

※資訊委外服務 
系統開發(包括系統規劃、分析、設計開發、測試及導入 )、系統維護(系統營運服務、問題排除、新需求開發等)、研發服務(如中介系統研發、嵌入式系統-embedded system 研發、資料交換介面研發等)。

※業務流程委外服務
資料輸入與校正、財務人事作業、會員入會申辦與會員服務、客服中心、資料中心等。","「因應市場國際化需求，從亞洲出發，成為國際級的IT服務提供者」是緯創軟體的願景。

緯創軟體公司成立於1992年6月，是緯創集團轄下的軟體旗艦公司，公司創立的目的，乃是要提供客戶及合作夥伴一個「最值得信任的軟體外包夥伴」，並成為「世界級的軟體開發公司」。 

緯創軟體成立迄今，公司規模已有1500人，並累積了超過1000個以上的專案經驗，服務的客戶群包括美國財星雜誌前500大公司及歐洲、亞洲等地區的著名企業，並成功的開創台灣、中國及日本的市場，成為軟體服務業的標竿企業。而公司最大的競爭優勢在於：領先的專業技術、<U+4E24>岸三地的運作模式、對於亞洲市場的掌握能力、以及結合人才(People)、技術(Technology)的完整開發流程(Process)。秉持這些優勢，因而能值得客戶信賴。 

緯創軟體(北京)率先於2005年1月28日成功通過「能力成熟度」 (CMMI-Capability Maturity Model Integrated)三級評鑑，並正式取得認證。緯創軟體(台北)也已於2008年4月通過CMMI ML3的評鑑。緯創軟體於2014年11月1日，正式通過ISO/IEC 27001:2013 新版資訊安全國際認證。透過通過這類國際標準之認證，不僅代表我們的開發技術已和國際軟體開發標準接軌，同時證明我們的服務品質及資訊安全標準己達國際水準。更積極的意義，代表企業不斷追求卓越以期提供客戶更高品質服務所做出之努力。 

緯創軟體享有集團豐沛的資源，不論在經營管理、專業技術、人才、通路及財務等方面，均能獲得母公司充份的協助，因此，經營團隊能在「客尊」、「誠信」及「創新」的經營理念下，創造員工、客戶及公司的三方皆贏的永續經營。"
"1657","瑞光路302號6樓","","台北市內湖區","資訊軟體服務業","R-語音測試人員(日語測試)","其他資訊專業人員@資訊助理人員@類目","www.WistronITS.com","緯創軟體股份有限公司","1.英文聽說(中等)，讀寫(優)
2.日語能力須為母語","※產品工程服務
提供超過一億五千萬的翻譯字數、服務語系高達 28 種以上、超過300人年對亞洲語文雙位元組開發經驗、提供超過100人年的語文驗證測試。 

※技術顧問服務
協助企業解決資訊人才與資源供需不平衡的問題，根據客戶之需求條件，提供適任之技術人力至指定的工作地點執行任務。

※資訊委外服務 
系統開發(包括系統規劃、分析、設計開發、測試及導入 )、系統維護(系統營運服務、問題排除、新需求開發等)、研發服務(如中介系統研發、嵌入式系統-embedded system 研發、資料交換介面研發等)。

※業務流程委外服務
資料輸入與校正、財務人事作業、會員入會申辦與會員服務、客服中心、資料中心等。","「因應市場國際化需求，從亞洲出發，成為國際級的IT服務提供者」是緯創軟體的願景。

緯創軟體公司成立於1992年6月，是緯創集團轄下的軟體旗艦公司，公司創立的目的，乃是要提供客戶及合作夥伴一個「最值得信任的軟體外包夥伴」，並成為「世界級的軟體開發公司」。 

緯創軟體成立迄今，公司規模已有1500人，並累積了超過1000個以上的專案經驗，服務的客戶群包括美國財星雜誌前500大公司及歐洲、亞洲等地區的著名企業，並成功的開創台灣、中國及日本的市場，成為軟體服務業的標竿企業。而公司最大的競爭優勢在於：領先的專業技術、<U+4E24>岸三地的運作模式、對於亞洲市場的掌握能力、以及結合人才(People)、技術(Technology)的完整開發流程(Process)。秉持這些優勢，因而能值得客戶信賴。 

緯創軟體(北京)率先於2005年1月28日成功通過「能力成熟度」 (CMMI-Capability Maturity Model Integrated)三級評鑑，並正式取得認證。緯創軟體(台北)也已於2008年4月通過CMMI ML3的評鑑。緯創軟體於2014年11月1日，正式通過ISO/IEC 27001:2013 新版資訊安全國際認證。透過通過這類國際標準之認證，不僅代表我們的開發技術已和國際軟體開發標準接軌，同時證明我們的服務品質及資訊安全標準己達國際水準。更積極的意義，代表企業不斷追求卓越以期提供客戶更高品質服務所做出之努力。 

緯創軟體享有集團豐沛的資源，不論在經營管理、專業技術、人才、通路及財務等方面，均能獲得母公司充份的協助，因此，經營團隊能在「客尊」、「誠信」及「創新」的經營理念下，創造員工、客戶及公司的三方皆贏的永續經營。"
"2298","文華路100號","","台中市西屯區","休閒服務業","R-1-行動商務雲端平台運營暨服務主管","經營管理主管@營運管理師／系統整合／ERP專案師@其他資訊專業人員","","磐雲智能股份有限公司","1.帶領過團隊帶領過團隊建置大型 App 或 Web/雲端平台建置及運營
2.熟悉Web及App開發工具及相關技術
3.具電子商務專案管理和數據分析能力，熟悉分析工具，能以數字管理產品品質及團隊績效
4.具創意、抗壓力、溝通能力及創業精神
5.能在快速變動與高度不確定的新創團隊中，終保持工作激情
6.曾參與電子商務、雲端平台之架構分析、系統設計以及程式撰寫尤佳
7.五年以上電子商務/大型網站相關經驗者優先考慮。
8.具三年以上經理級以上經驗。
9.英文聽說寫佳。","生活服務 
智慧商圈多元行動服務。 
逢甲智慧商圈APP。 
逢甲商圈入口網。 
逢甲商圈粉絲團。 
智慧商圈數位看板。 
MPOS&多卡收單機(多元行動支付方案)。","磐雲智能成立於 2014年，磐雲智能團隊運用物聯網及雲端技術，以智慧聯網為基礎，規劃於台中逢甲打造台灣第一個創新行動智慧觀光商圈，磐雲智能已於台中成立「逢甲智慧商圈」產學合作計畫工作小組，規劃透過產官學的合作，結合創新服務與服務設計之能量，於逢甲打造台灣第一個創新行動智慧觀光商圈模範，結合商圈業者及在地營運商，配合地方政府共同打造建置智慧商圈創新服務。運用智慧聯網資訊，即時記錄、分析與預測消費者需求與行為，進而建構創新加值服務，營造嶄新的商圈消費環境，以創新商圈的智慧化經營模式，活絡商圈的地方經濟，進而帶動區域經濟的發展。並以智慧商圈為核心帶動未來智慧城市的發展。磐雲智能並以提昇商圈店家營收及消費者快樂逛街為目標，致力於提升消費者服務體驗與滿意度。歡迎商業服務、生活服務、資訊服務、媒體行銷、行動應用服務等領域業者一同攜手合作，發展商圈場域之智慧化服務。歡迎有意經營創新服務及商圈的業者，共同攜手發展從商圈、商業服務鏈到智慧商店整合的智慧聯網商機。 

若您個人對於創新服務、智慧商圈有興趣，磐雲歡迎更多的多元優秀人才，加入我們的行列，共同參與建構智慧商圈，升級商圈服務，促進商圈整體優化發展，一同將智慧商圈成果拓展擴散至台灣各地商圈及海外市場。"
"1528","文信路228號","","高雄市鼓山區","不動產房屋仲介經紀業","【永慶不動產】營業人員","不動產經紀人@國內業務人員@電話行銷人員","http://shop.yungching.com.tw/DefaultAffiliate.aspx?MainShopID=A001DC040","永慶不動產高雄R14文信加盟店_寬庭房屋仲介有限公司","","服務項目及收費內容 
不動產買、賣租賃服務
不動產市場行情提供
產權調查服務
稅費法規查詢
法律諮詢服務
買賣價金履約保證
免費不動產銷售企劃
免費電腦行情查詢
代辦各項低利貸款
不動產投資理詢

三階段完全服務~
第一階段：成交前 
不動產專業諮詢服務 
最新房市資訊 
最新成交行情資訊 
電腦物件查詢 
免費房價諮詢 
詳盡的不動產說明書 

第二階段：交易中 
買賣價金履約保證
免費法務諮詢服務 
專業代書作業 
代辦購屋貸款 
房屋產權條件確認 
免費稅費計算 

第三階段：成交後 
提供搬家公司查詢服務","榮獲永慶多次交易安全獎
榮獲永慶多次特優店家獎 
培育超過30位單月破百萬經紀人
3位單月破200萬經紀人
2013年單店總佣收近5000萬
榮獲2013永慶總部頒發億元創業家殊榮

永慶不動產 高雄R14文信加盟店  寬庭房屋仲介有限公司   
公司成立於88年6月，一路走來對不動產這份感情的熱情一直沒變，其間我們經歷房地產最慘淡經營的階段，921南投大地震我們碰過，SARS其間全台賣氣，買氣盪到最谷底我們走過，戰戰兢兢的態度，至今我們即將邁入第16個年頭，我們不是最大的公司，但我們一直朝著最好在努力，對於人員我們要求服務品質的提昇，專業能力的精進，和不斷的在職學習。

永慶不動產 高雄R14文信加盟店 (位高雄市鼓山區文信路228號位捷運巨蛋站2號出口約100公尺）
精耕巨蛋、農16特區、美術館特定區….北高雄不動產之買、賣、租賃事宜。
一群熱愛房地產的夥伴，一同為大高雄的所有屋主和買方提供最優質的服務，我們誠心邀約想自我挑戰，自認有強烈企圖心，肯吃苦耐勞的男女夥伴加入我們這個一直持續成長的團隊，在裁員、減薪...的種種壓力下,房仲工作是個可以讓你創造(自我價值)不怕被淘汰的工作。"
"1529","文信路228號","","高雄市鼓山區","不動產房屋仲介經紀業","【永慶不動產】經紀人員","不動產經紀人@國內業務人員@不動產／商場開發人員","http://shop.yungching.com.tw/DefaultAffiliate.aspx?MainShopID=A001DC040","永慶不動產高雄R14文信加盟店_寬庭房屋仲介有限公司","【時間自由  收入自由】
只要有交通工具
不排斥學習3C產品的操作","服務項目及收費內容 
不動產買、賣租賃服務
不動產市場行情提供
產權調查服務
稅費法規查詢
法律諮詢服務
買賣價金履約保證
免費不動產銷售企劃
免費電腦行情查詢
代辦各項低利貸款
不動產投資理詢

三階段完全服務~
第一階段：成交前 
不動產專業諮詢服務 
最新房市資訊 
最新成交行情資訊 
電腦物件查詢 
免費房價諮詢 
詳盡的不動產說明書 

第二階段：交易中 
買賣價金履約保證
免費法務諮詢服務 
專業代書作業 
代辦購屋貸款 
房屋產權條件確認 
免費稅費計算 

第三階段：成交後 
提供搬家公司查詢服務","榮獲永慶多次交易安全獎
榮獲永慶多次特優店家獎 
培育超過30位單月破百萬經紀人
3位單月破200萬經紀人
2013年單店總佣收近5000萬
榮獲2013永慶總部頒發億元創業家殊榮

永慶不動產 高雄R14文信加盟店  寬庭房屋仲介有限公司   
公司成立於88年6月，一路走來對不動產這份感情的熱情一直沒變，其間我們經歷房地產最慘淡經營的階段，921南投大地震我們碰過，SARS其間全台賣氣，買氣盪到最谷底我們走過，戰戰兢兢的態度，至今我們即將邁入第16個年頭，我們不是最大的公司，但我們一直朝著最好在努力，對於人員我們要求服務品質的提昇，專業能力的精進，和不斷的在職學習。

永慶不動產 高雄R14文信加盟店 (位高雄市鼓山區文信路228號位捷運巨蛋站2號出口約100公尺）
精耕巨蛋、農16特區、美術館特定區….北高雄不動產之買、賣、租賃事宜。
一群熱愛房地產的夥伴，一同為大高雄的所有屋主和買方提供最優質的服務，我們誠心邀約想自我挑戰，自認有強烈企圖心，肯吃苦耐勞的男女夥伴加入我們這個一直持續成長的團隊，在裁員、減薪...的種種壓力下,房仲工作是個可以讓你創造(自我價值)不怕被淘汰的工作。"
"162","普忠路","","桃園市中壢區","機械手臂產業","General Administration Supervisor/Deputy Manager","財務或會計主管@人力資源主管@行政主管","www.kuka.com.tw","庫卡股份有限公司","Task:
1.Financial & Accounting affairs
2.Administration and Legal affairs
3.Financial data collection and compilation
4.Financial planning support
Competency:
1.Good Command of IFRS
2.Good command of MS Office tools
3.Organized and detail-oriented
4.SAP/AX plus
5.Big 4 plus","本公司從事:
工業用機械手臂
自動化生產系統
工廠生產自動化整體規劃及咨詢","本公司為德國KUKA集團在台灣之子公司，營業項目為機械手臂之銷售與服務，德國品牌於全世界各地均擁有極高的評價與口碑，歡迎各界專業人士加入我們的團隊一起追求成長及創造更加美好的未來。"
"290","大昌二路30號2樓","","高雄市三民區","電信及通訊相關業","電信專案pm(高賢企業有限公司)","專案管理主管@產品企劃開發人員@類目","http://3c-somachi.strikingly.com/","高賢企業有限公司","1.專案項目管理經驗3年以上 
2.電信行業從業經驗5 年以上
3.具專案規劃/管理、行銷及邏輯性思考能力
4.大學以上畢，行銷、企管或通訊相關系所尤佳
5.熟各大電信系統業務者尤佳
6.需具備報表數據分析能力","1.各系統門號新申辦與續約服務 : 台灣大哥大、中華電信、遠傳電信、威寶電信、亞太行動等
2.各式原廠手機、原廠全系列商品 : 手機週邊、配件銷售、Sony、hTC、Samsung、LG、Apple精品與其他品牌等
3.3c產品銷售 : 手機、平板電腦、3c產品及配件
4.原廠快速維修服務維修保固服務","高賢電信聯盟 【大高雄地區首屈一指的電信龍頭】
成立時間 : 民國90年
門市據點 : 大高雄地區 - 岡山、燕巢、梓官、左營、鼓山、三民、鳳山、前金、新興、小港等 (包含百貨專櫃)，共29家連鎖門市
我們有 : 優渥的薪資待遇、完整的員工教育培訓計畫、順暢的升遷管道、愉快的工作環境、完善的獎勵活動                         
更期望提供顧客更多元化的商品、優良的服務品質及最良好的後續保固服務。
歡迎主動積極、樂觀進取的夥伴加入我們的團隊。

※本公司將考量求職者居住區域與交通狀況，並經溝通後派駐各區域分店。"
"501","菸廠路88號9樓","","台北市信義區","電信相關業","S07 IDC暨雲端銷售業務人員","國內業務人員@國外業務人員@通路開發人員","http://www.tfn.net.tw","台灣固網股份有限公司","1.大學以上畢，資訊相關科系者佳。
2.具1年以上SI、Data Center、雲端業務工作經驗者佳。
3.主動積極、對業務工作具備高度企圖心。","台灣固網所提供之產品及服務如下：
■語音服務
- 市內電話
- 1806國內長途電話
- 006台灣國際直撥
■智慧型加值服務
- 0809多功能受話方付費電話
- 0209付費語音諮詢服務
- 0509大量撥放服務
- 國際經濟電話預付卡
- 超值國際電話節費卡
■數據服務
- 數據電路 
- VPN服務
- 乙太專線
■上網服務
- ADSL服務
- 固接專線上網服務
- 共享式E1專線上網服務
- 網際網路接取服務(IP-Transit)
- 56K撥接上網服務 (Dial-Up)
■網路資料中心簡介
- IDC服務
．網站代管服務
．郵件整合服務
．主機代管服務","台灣固網擁有豐富的電信經營經驗培養精銳的電信專才，聯合國際資源，組成頂尖的策略、技術聯盟以世界級的光纖寬頻，建構台灣成為高速化、網路化的智慧島、科技國。深耕台灣，逐鹿全球，不僅要成為台灣第一、最大、最好的電信集團，更希望成為亞太區域的電信網路樞紐，世界頂級的電信集團。 現在就是未來，現在就是先機，加入台灣固網，躋身世界級團隊就是現在。我們是電信服務的創新者，歡迎各界菁英同行。


Your Partner . Our Solution
■全新出發的台灣大電訊，是整合具備跨國經驗的台灣電訊，數據網路專家台灣固網，以及行動通信領導品牌台灣大哥大的新品牌 

◎台灣固網 
第二大固網與國際電話(IDD)廠商
IDC機房通過ISO 27001資訊安全管理系統認證 
  
◎台灣電訊
長期服務跨國企業的經驗與資源
大中華地區數據通訊服務、企業內部網路通信服務的領導廠商 

◎台灣大哥大 
台灣大哥大是電信業唯一榮獲華爾街日報評選的台灣十大最受尊崇企業 
唯一連續5年由消費者票選，獲得讀者文摘信譽品牌金獎的行動通訊公司
獲得「天下雜誌」頒發「台灣最佳聲望標竿企業」評選為電信業第一名"
"989","陽光街321巷60號","","台北市內湖區","百貨連鎖零售/製造業","嬰童用品採購開發人員","採購人員@採購主管@類目","http://www.phland.com.tw","麗嬰房股份有限公司","1.零售業採購/新品開發經驗５年以上 
2.數據分析能力(excel/ERP)
3.文書處理能力(word/ppt) 
4.與廠商議價談判技巧
5.樂觀積極細心","從服飾、童鞋到用品，多樣化的商品服務，麗嬰房期望能更貼近媽媽及孩子們的心，做到更周全的商品照顧-讓媽媽生產時期更舒適；孩子成長過程更健康。

* 嬰幼童品牌服飾--les enphants
* 嬰幼兒童鞋--my nuno
* 清潔好幫手--nac nac
* 兒童時尚名店--plus
* 兒童運動流行館--open for kids
* 兒童運動用品專櫃--adidas kids
* 兒童運動用品專櫃--Nike kids
* 美國知名童裝品牌--Carter's ；OshKosh B'gosh 
* 婦幼用品大型專賣店--i baby mall 愛貝比婦幼生活館
* 童衣製作觀光工廠--采衣館

歡迎參考本公司網站http://www.phland.com.tw","上市公司麗嬰房Les Enphants，取自法文「孩子們」的涵義；CI設計則引用林泰生總裁的創業理念peace and hope（和平與希望）為內涵，延伸發展成為ph兩個英文字母的組合，形狀與大象相似；意喻成熟穩重的大象，堅持和平與希望的理念，腳步沉穩而實在。

從1971年在台北南京東路成立第一家門市以來，童裝王國「麗嬰房」已走過四十多個年頭，深耕嬰幼兒服飾、用品專業生產 製作 零售 批銷，觸角並深入印尼、泰國、中國大陸等地，至今全球6000位以上員工及近2700個銷售通路，是國內擁有最多通路點的嬰幼童服飾、用品通路商、品牌商。

歡迎參考本公司網站http://www.phland.com.tw"
"1068","五權七路1號(新莊副都心旁)","","新北市五股區","文化圖書出版業","APP程式設計","電玩程式設計師@軟體設計工程師@通訊軟體工程師","www.lungteng.com.tw","龍騰文化事業股份有限公司","1.具備2年以上iOS或Android App開發實務經驗，熟悉Objective-C、XCode、Swift、Java、Android SDK、HTML5、CSS、jQuery mobile，並熟悉APP上架與審查流程
2.具備串接伺服器端API經驗，與開發一雲多螢(尺寸) 響應式介面能力
3.對互動式網站與資料庫開發有經驗，並對Hadoop、NOSQL 等各種分散式服務有興趣
請先提供作品網址，並於面試時攜帶相關成果參考","龍騰文化集團專業出版高中職教材。包含：龍騰、康熹文化。出版領航、全方位、高分策略......等書系，計一千多種升學書籍。       
　　
為服務高職、高中的老師，除了老師教學用教材及輔助用的教學媒體之外，另出版專刊，探討教育議題、報導教育趨勢，並分享老師教學心得。
       
出版品：教科書、升學參考書、教學式講義、測驗卷、檢定用書。       
　　
輔助教學教材：教師手冊、教師用書、學習單、授課計劃表…。

輔助教學媒體：圖卡、語音CD、互動式光碟、電子教案、教學錄影帶及題庫命題系統…。","本公司成立於民國六十六年，是高中職教科書佔有率第一的出版社。三十年來，始終秉持「創新突破  追求卓越」的經營理念，出版品質優良的高中、高職教科書和參考書，並且因應時代的腳步時時增訂、修正內容，針對老師與學子的需求，提供最佳的出版教學服務。    

我們深信，以正派誠信、尊重關懷、成長創新的企業文化，齊心盡力為國內教育盡心，不但能得到顧客與同仁肯定，也能完成公司每一階段目標，達到圓滿的境界。
　　
隨著公司規模持續的擴大，組織體系不斷發展而臻於完善；因應高中職新課程的發展、需求，我們擴大徵才，需要更多有才華、有理想的優質人才投入我們的行列。加入龍騰文化，豐富您的生涯。"
"1230","堤頂大道二段409號7樓","","台北市內湖區","通訊服務業","HR Assistant Manager","人力資源人員@類目@類目","http://www.alcatel-lucent.com","台灣國際標準電子股份有限公司"," MBA / equivalent in HR from Reputed institutes preferred
 5 years + overall HR experience
 3 Years + domain experience within Compensation & benefits. Experience in hi-tech or telecom industry will be an added advantage
 Exposure in using compensation & benefits assessment/evaluation tools and methodologies (e.g. Mercer etc.),
 Possesses exposure in job matching and survey compilation.
 Familiar with compensation and benefits analysis
 Independent thinker and willing to collaborate contribute and support as part of a team","針對三大客戶群 提供最完善通訊解決方案
Alcatel-Lucent 服務全球服務供應商、企業和政府等客戶，提供最完善、端對端之策略解決方案，協助客戶作最符合效益之網路建置。 

Global market position (2013)
CORE NETWORKING SEGMENT
*IP ROUTING*
• IP Services Edge Routing以百分之 27的收益市占率全球排名第二
• Evolved Packet Core以百分之19的收益市占率全球排名第二
• Total routing and switching以百分之15的收益市占率全球排名第三
 
*IP TRANSPORT*
• Total optical networking 以百分之 13的收益市占率全球排名第二 
• Total 100Gbps port shipments市場排名第二

*IP PLATFORM*
• IMS Voice Application Servers and IMS Call Session Control收益市占率全球排名第一。目前我們擁有110個IMS客戶專案 
• 將近100個Subscriber Data Management部署，服務超過十億用戶  
• 將近30個Network Intelligence部署，服務支援超過一億五千萬用戶 
• 提供全球將近260個主要服務供應商Customer Experience solutions 
• 為全球主要供應商提供15個NFV客戶專案

ACCESS SEGMENT
*WIRELESS*
• CDMA 以百分之 37的收益市占率全球排名第一(2012) 
• Total Wireless RAN以百分之12.7的收益市占率全球排名第四 
• LTE以百分之13.8的收益市占率全球排名第四
• 為Small cell的市場領導者，至2013年底擁有65個客戶合約 
• CDMA收益市占率全球排名第一，W-CDMA及 GSM/GPRS/Edge收益市占率全球排名第四 

*FIXED ACCESS* 
• 寬頻存取以百分之48的DSL收益市占率全球排名第一
• VDSL2以百分之51的收益市占率全球排名第一。目前我們擁有18個客戶合約，超過55件VDSL2 Vectoring trails 
• GPON以百分之25的收益市占率全球排名第二

*MANAGED SERVICES* 
• 擁有將近80座網絡的Managed Service合約，涵蓋超過二億用戶","*固網、行動與寬頻整合的領導品牌*
Alcatel-Lucent作為全球通訊領域的領導者，為全世界服務供應商及其客戶、企業與機構提供IP與雲端網路以及超高速寬頻固定與無線接取等產品與技術創新。Alcatel與Lucent於2006年底完成合併後，具備了最完善的營運與產品優勢，是固網、行動與寬頻網路數位匯流、IP、光纖傳輸、應用及服務的領導者。Alcatel-Lucent的創新技術為社會發展所作出的積極貢獻已獲得各大國際機構的普遍認可。2012年，Alcatel-Lucent連續第二年入圍湯森路透（Thomson Reuters）「全球百強創新機構」（Top 100 Global Innovators）以及麻省理工學院技術評論（MIT Technology Review）「全球50大最具創新力企業」（World’s Most Innovative Companies）。Alcatel-Lucent的永續性創新也獲得2013年道瓊永續指數（DJSI）評選為技術硬體與設備領域的產業領導者（Industry Group Leader）。
Alcatel-Lucent在巴黎證交所與紐約證交所上市，2013年總收益達到144億歐元。公司總部設於法國，執行辦公室設在巴黎，總員工數超過62,000名。
Alcatel-Lucent台灣分公司成立於1973 年，在台灣營運已長達40年之久，先後參與許多國家重大基礎電信建設，在寬頻接取Access、光傳輸網路Optical Networking、IPTV、智慧網路IN、數位微波Digital Microwave、Femto無線技術等領域皆具領導地位。

*掌握核心技術  堅強在地研發* 
Alcatel-Lucent除擁有通訊產業中最富經驗的全球服務團隊外，更有全世界最先進的技術研發創新機構－貝爾實驗室。貝爾實驗室在通訊領域扮演著舉足輕重的角色，研究中心遍佈全球，於美國、比利時、中國、法國、德國、愛爾蘭、南韓等國皆有研究團隊。全球超過1000名的電信科學家及研究人員、高達23億歐元的R&D經費(約佔總營收16%)以及超過32,000件的有效專利權，為我們在提供競爭性轉型服務時提供強大的後盾。 
除Alcatel-Lucent總部的強大資源外，Alcatel-Lucent在台灣的應用與服務之研發上表現亦有相當成就。例如，Alcatel於2004年獲經濟部指導，成立資通電信研發中心（Alcatel ICT R&D Applications Center），首創台灣第一個對外開放的無線寬頻應用（IOT）互通測試環境，提供台灣手機業者與終端軟體業者進行產品互通性測試；而2007年更升級為WiMAX 終端產品的互通測試中心，大幅縮減台廠產品與服務上市之程與費用。目前，台灣研發中心也引進LTE技術，提供LTE測試環境給予台灣廠商，以加速4G終端設備的發展。此外，Alcatel-Lucent也於2013年在台成立亞太區首座創新中心，是繼法國、美國及巴西後全球第四個設立據點，提供服務供應商與企業客戶親身體驗並實際操作經驗，以促進台灣產業發展並與世界接軌，進而提昇台灣在世界的產業地位。"
"1905","工業區12路8-1號","","台中市西屯區","醫療器材製造業","會計專員","記帳／出納／一般會計@類目@類目","http://www.bm-carbon.com/","科云生醫科技股份有限公司","1.會計師事務所相關工作經驗2年以上。
2.成本等相關工作經驗2年以上。
3.A/P、A/R等相關工作經驗2年以上。","1.化菻~製造業
2.醫療器材製造業
3.醫療器材批發業
4.化菻~批發業
5.醫療器材零售業
6.化菻~零售業
7.國際貿易業","本公司竭誠歡迎對工作有理想、有熱情的生力軍，加入我們的團隊，與公司共同成長。"
"2122","堤頂大道二段187號10樓","","台北市內湖區","電腦系統整合服務業","商業智慧管理師(D6)","軟體設計工程師@軟體相關專案管理師@營運管理師／系統整合／ERP專案師","www.mitac.com.tw","神通資訊科技股份有限公司","1、熟悉Cognos BI、SAP BusinessObjects任一BI工具；
2、具shell 及SQL 能力；
3、具Hadoop、Hive及HBase等軟體使用經驗尤佳；
4、Oracle/MS SQL Server/Sysbase OCP DBA資料庫管理證照任一DBA証照，有Sysbase尤佳。","稅務系統之設計、發展及運作；國防、警政資訊系統之整合與維護；地政資訊系統之設計、發展及運作；銀行資訊系統之整合、開發與建置；交通控制系統之設計、開發與裝置；智慧卡之開發、建置與維護；半導體/光電廠監控系統之設計、開發與裝置；資訊、通信裝備之全省到場維修服務；客製化資訊裝備之開發、生產與測試；軟體應用系統之設計、開發與顧問服務；各式套裝軟體之銷售與教育訓練；企業電子化整體解決方案(ERP、SCM、EAI、EIP)諮詢與建置服務；多媒體影音整合應用系統之設計、開發與顧問服務；整合式網路服務與網路平台之規劃與建置。","神通資訊科技股份有限公司為國內資深系統整合(System Integration)廠商，營運目標是整合資訊技術與經營知識，以提升客戶的競爭優勢、生產力與工作效率，並運用資訊產品與顧問服務，為客戶提供整體解決方案。 
1974年神通電腦引進台灣第一套微電腦系統，為我國資訊科技開展了扉頁，並促使神通集團有著快速的成長，在二十多年的努力中，神通運用特有的C4I專長，結合4C電腦（Computer）、通訊（Communication）、控制（Control）、中文（Chinese）等專長，以及整體規劃、設計、施工的專業技術與能力(Integration)，已成功締造無數系統整合專案，客戶群橫跨政府機構、軍事單位、金融機構及民間企業，使『社會資訊化，企業電腦化』的經營理念得以完整發揮，而品質卓越、系統穩定、服務完善，更讓神通電腦成為資訊化最佳方案的代名詞。"
"2326","中華路15-1號","","新竹縣湖口鄉","無線通訊網路業","雲端軟體工程師(RDSW_048)","軟體設計工程師@電腦系統分析師@軟體設計工程師","http://www.gemtek.com.tw","正文科技股份有限公司","需具下列相關經驗(至少一項)
1.熟AWS or Aliyu 平台
2.Linux 性能最佳化
3.網路分析、除錯
4.資料庫設計
5.Data mining
6.資訊安全
7.QA","一、 IEEE802.11 無線區域網路產品 (Wireless LAN)    
二、 WiMAX系列產品
三、 STB系列產品
四、 LTE系列產品
五、 無線寬頻網路產品 (ADSL,GSM,GPRS,GLN,GPON,OTT...)","正文科技成立於1988年,長期致力於無線技術的耕耘，為世界一流的無線區域網路完整解決方案的提供者，擁有一支在無線通訊領域豐富經驗及強大能力的研發團隊，是國內少數同時掌握無線區域網路及寬頻網路關鍵技術之廠商。 
正文科技堅持以最前端的技術專業研發生產無線網路通訊產品，產品從傳統的一般無線網路卡、無線網路基地台/路由器，及近期之IP STB以及都會型WIMAX通訊系統....等，均以無線通訊為訴求，應用在數據、影音及影像傳輸之通訊領域。 正文一直以最佳的整合能力及最敏銳的市場判斷之優勢，不斷擴展無線通訊市場，並積極提昇為具系統整合及系統開發能力之無線通訊廠商 。 

台灣在WLAN(無線區域網路)產業已扮演全球領先地位，自2003年起台灣WLAN產品全球市佔率已高達91%以上，而正文科技為國內技術領先、獲利表現最優異之無線通訊領導廠商，為全球一級通訊大廠重要的合作夥伴。為因應全球佈局，並配合政府根留台灣政策，正文科技總公司設立於新竹，於中國大陸(昆山、常熟、蘇州)、美國、日本與歐洲設有生產與行銷據點，全球總人數已達5000人以上。未來正文科技將以「深耕台灣，放眼全球」之全球化策略，積極擴展全球無線通訊之市場版圖，躍身國際一流之無線通訊系統大廠為目標。
公司未來創新研發策略為整合目前本公司既有的研發能力，並結合國內外相關專業領域的技術，並持續投入開發WiMax產業相關USB卡，WiFi+WiMax+VOIP CPE，Repeater，Bases Station、同時提供電信業Cable STB、IP-STB、ADSL、VDSL、Home Media等新產品，不僅讓無線區域網路產品的製程技術走向模組化，以適應未來內建市場的需求；而且擴展無線區域網路產品在語音及多媒體方面的應用市場。"
"2557","建一路150號4樓之三","","新北市中和區","電腦週邊相關業","Mechanical Sourcing and Commodity Manager","採購主管@採購人員@機械工程師","www.steelseries.com","丹麥商賽睿有限公司台灣分公司","Personal Skills Requirements:
• Excellent communicator (written and oral) in English and Chinese (Mandrian)
• ME/IE background preferred
• Familiar with Cables, Plastic, Resin, and/or Packaging
• At least 5 years sourcing experience
• Strong analytical and negotiating skills required
Technical Skills Requirements:
• Demonstrate expert level analytical skills
• Skilled in Excel, PowerPoint and other Microsoft office tools
Vital, Key Success Criteria:
The Sourcing and Commodity Manager should be able to set high working standards, be able to communicate in both “words,” “charts,” and “numbers”, be self-starting and independent, have a focus on detail and demonstrate ability to convert data into meaningful information.  The ideal candidate will also be able to demonstrate the ability to work with people across multiple regions, cultures, and backgrounds.","電腦週邊、電子產品進出口","SteelSeries is a leading manufacturer of peripherals for gaming and electronic sports (eSports), including headsets, keyboards, mice, mouse pads and mouse accessories. SteelSeries have been on the forefront of professional gaming gear since its inception in 2001, thanks to continued innovation and product development in cooperation with leading professional gamers.

Our staff is distributed throughout the world, working from offices in Europe, North America and Asia.

The SteelSeries headquarters are located in Europe (Copenhagen, Denmark), and host the primary office facilities for the company. The headquarters handle all planning, production and partner coordination.

For logistical reasons we also have sales offices in Asia, USA and Switzerland.

本公司目前由於業務發展迅速,故急需徵求人才.期待優秀熱情且能與公司一同成長的你/妳,加入我們卓越超群的團隊。 我們正需要一群戰鬥力強、有高度使命感的夥伴，希望您把握機會儘速與我們聯絡。"
"2738","松江路126號13樓","","台北市中山區","產物保險業","Sr. Talent Acquisition Specialist (Outsourced)","人力資源人員@類目@類目","www.zurich.com.tw","蘇黎世產物保險股份有限公司","QUALIFICATIONS:
• Bachelor degree with minimum 3 years of full life-cycle recruiting experience
• Proficiency in both written and spoken English
• Experience working with an applicant tracking system is a plus

KNOWLEDGE:
• Clear understanding of the end to end recruitment lifecycle processes.
• General knowledge of various employment laws and practices.

TECHNICAL SKILLS:
• Proficient computer skills in MS Excel and PowerPoint  and in depth knowledge of data mining and internet research
• Good problem solving skills, thinking in solutions
• Mature and confident to work with different levels of employees
• Strong focus on continuous process improvement
• Demonstrated proactive approach, and effective communication skills; commitment to results 
• Ability to work independently, but demonstrate a  team player","本公司提供的服務項目主要包括火險、火險附加險、貨物運輸險、船體險、汽車險、責任險、健康險、其他意外險及再保險。","Zurich Insurance Group (Zurich) is a leading multi-line insurer that serves its customers in global and local markets. With more than 55,000 employees, it provides a wide range of general insurance and life insurance products and services. Zurich’s customers include individuals, small businesses, and mid-sized and large companies, including multinational corporations, in more than 170 countries. The Group is headquartered in Zurich, Switzerland, where it was founded in 1872. The holding company, Zurich Insurance Group Ltd (ZURN), is listed on the SIX Swiss Exchange and has a level I American Depositary Receipt (ZURVY) program, which is traded over-the-counter on OTCQX. Further information about Zurich is available at www.zurich.com.

蘇黎世保險集團（蘇黎世）是一家全球領先的多險種保險公司，為全球及本地市場的客戶提供服務。蘇黎世現有僱員逾55,000名，為客戶提供各種財產保險和人壽保險產品及服務。公司客戶包括遍及170多個國家和地區的個人、大中小型企業（含跨國公司）。集團總部設立在瑞士蘇黎世，公司成立於1872年。蘇黎世的控股公司蘇黎世保險集團公司（ZURN）在瑞士證券交易所（SIX Swiss Exchange）上市，具有在OTCQX場外交易的一級美國存託憑證計劃（ZURVY）。請瀏覽www.zurich.com瞭解有關蘇黎世集團的更多資訊。

本公司在台設有5個分公司，在「蘇黎世核心價值觀」 (Zurich Basics)：誠信正直、以客為本、永續經營、追求卓越及團隊合作的驅動下，打破國內保險公司以險種為區分的傳統編制，改設以客戶為導向的組織編制。2013年現代保險健康理財雜誌舉辦之千大企業票選年度最佳產險公司，本公司榮獲保險品質獎最佳形象優選獎。"
"31","新店路260號2樓","","新北市新店區","數位內容，或資訊軟體相關業","3D動作美術設計師","美術設計@多媒體動畫設計師@類目","www.xpec.com","樂陞科技股份有限公司","1.熟悉Animation 製作 (運用軟體：3D MAX, MAYA, XSI), 如為MAYA與XSI的使用者需配合專案使用3D MAX進行開發2.具備開發遊戲的熱情","◆電視遊戲機遊戲開發
樂陞科技的電視遊樂器遊戲開發團隊為亞洲除日本地區以外最具經驗的獨立開發團隊。在過去13年中，樂陞已自行開發超過13款橫跨PS3/Xbox360/Wii/DS/PS2/Xbox/NGC的遊戲，並在全球市場發行。
完整的跨平台技術、成熟的開發實力以及良好的開發流程讓樂陞科技的電視遊樂器開發團隊在效率、時效性及開發品質上擁有過人的技術表現。繼開發了《功夫熊貓》(PS2/Wii)及《史瑞克快樂4神仙》(Xbox360/PS3/Wii/PC)等著名動畫電影同名遊戲後，最新的力作為與Activision合作，橫跨Xbox360/PS3/Wii/PC四大平台，並結合實體玩具創新玩法的《寶貝龍冒險》，遊戲已於2011年十月全球發行並在全球銷售超過400萬片。針對DLC市場的下載專用遊戲「不要掉下去」也已在2013年7月於PS3平台發行。

◆線上遊戲開發
在線上遊戲部份，由樂陞集團子公司「磁力線上」所負責開發。《星戰傭兵 Online》為一款宇宙科幻風格的MMORPG，遊戲的世界觀來自於2006年與BANDAI NAMCO Games 合作的PSP專用遊戲《星戰傭兵》。《星戰傭兵 Online》將以次世代主機的華麗美術與聲光表現以及豐富刺激的遊戲內容，帶給玩家全新的戰爭遊戲感受。目前《星戰傭兵 Online》已在台灣、菲律賓營運當中，之後將陸續在歐洲、北美、泰國’印尼及星馬等地陸續上線營運。
另一款最新研發的線上遊戲為《神器傳說 Online》，是一款以東方奇幻題材的3D MMOROG，遊戲打造全新獨創的法寶系統，並以細膩唯美並呈現濃厚東方奇幻風味的畫面表現為主要特色。讓玩家享受一念殺敵的戰鬥快感，瞬間秒殺的刺激樂趣。在遊戲內有超過上百種的法寶可供玩家進行選擇，組合千變萬化，玩家可以從中找出最強大的組合，來攻略遊戲副本內的傳說怪物或是與其他高手玩家在DOTA競技場中對戰。《神器傳說 Online》預計2013年年底於台灣上市。

◆網頁遊戲開發
樂陞於網頁遊戲的研發經驗上已超過10年的時間。研發的作品包括兩款HTML、一款JAVA、五款2D Flash平台的網頁遊戲，最新的作品則是以3D Flash為平台的即時戰鬥制MMORPG《迷境物語》。樂陞自我研發的「蜂巢引擎(Hive Engine)」首次用於網頁遊戲《寵物森林》，目前《寵物森林》已在2009年底起陸續以10種不同語言在全球12個區域發行。
最新研發中的3D Flash即時戰鬥網頁遊戲《謎境物語》，以改良後的「蜂巢引擎」進行開發，樂陞克服了網頁遊戲實現即時戰鬥制的困難挑戰，並以無需安裝任何程式或插件的領先技術表現，即可遊玩順暢的3D網頁遊戲。此作品將提供給玩家更接近MMORPG的遊戲體驗。

◆行動平台遊戲開發
因應遊戲網頁化及行動平台遊戲興起的市場趨勢，樂陞以多年的網頁遊戲開發經驗，將網頁遊戲開發技術完整轉移至行動遊戲平台並進行多款大型行動平台遊戲開發。2013東京電玩展，樂陞正式公開旗下四款行動平台遊戲，正式宣告跨入行動遊戲研發領域。

◆美術服務服務
為於中國蘇州的樂陞美術中心在成立八年以來，已參與了超過100款的AAA及遊戲產品美術製作。蘇州樂陞提供完整的次世代主機遊戲的2D美術、3D 人物模型及動畫等製作服務。

豐富的製作及與西方廠商的合作經驗，讓樂陞美術團隊能夠依據不同的遊戲引擎、工具及開發流程進行配合。超過250的專業美術設計師全職的提供客戶服務，並確保成果符合客戶需求、準時及高度品質。曾經參與的作品包括：鋼鐵人系列、變型金剛系列、秘境探險系列等多款全球知名的遊戲軟體。
2013年7月樂陞也於高雄增設台灣美術製作服務中心，將長年於中國所累積的製作經驗完整帶回台灣，並積極培育台灣專業美術人才，以因應未來遊戲美術需求的爆炸性成長。

樂陞秉持著熱情、承諾、團隊合作與追求卓越四大核心價值，在經過了十三年的成長與奮鬥之後，樂陞將持續結合兩岸華人的努力與創意，以我們無比的熱忱、無限的創意及豐富的經驗為合作夥伴提供一流的製作與美術服務，並為全球的玩家帶來最大的遊戲樂趣創造無可替代的遊戲感受。","樂陞科技成立於2000年8月，為華人圈中少數擁有獨立開發與發行經驗的遊戲開發商，並且已於全球市場成功發行多款跨平台電視遊樂器遊戲、PC線上遊戲及網頁遊戲軟體。目前為止，樂陞科技也是台灣所有上櫃的遊戲公司中，唯一一家不涉入營運，且以合作開發及國際授權為主要商業模式並擁有跨各平台研發實績的遊戲公司。
樂陞在台北、高雄、北京、蘇州等都有據點，並負責不同的遊戲類型開發，以兩岸完整佈局以達到專業分工之效。台北樂陞為企業營運總部，負責電視遊樂器遊戲、PC線上遊戲、網頁遊戲及SNS遊戲開發。北京樂陞為網頁遊戲開發中心，在網頁遊戲開發研究上已有超過10年的資歷。蘇州樂陞及高雄美術製作中心則為樂陞專業的美術製作服務中心，曾參與超過100款的次世代遊戲美術製作，並為客戶提供最優質的美術製作服務。同時，樂陞科技也是在中國是第一家以軟體服務模式取得ＣＭＭＩ認證的企業。樂陞集團台灣與中國研發團隊目前總計已超過700人，是所有台灣遊戲公司中研發陣容最龐大者，而樂陞員工有九成屬研發人員，為台灣擁有最高研發比例的遊戲公司。

◆樂陞的核心價值:團隊合作，追求卓越，熱情，承諾
1. 『團隊合作』
．我們有一致的目標，願意竭盡所能，和團隊共同完成 
．我們彼此信賴，也不辜負團隊對我的信賴 
．我們了解差異的存在，願意互動溝通，追求並尊重共識 
．我們樂於分享經驗和想法、肯定團隊成員的貢獻，讓團隊因為有我更好 
．我們致力於創造良性互動、協同合作的工作環境及氛圍 
．我們善盡團隊所賦予的職責，也願意為團隊分擔更多
2.『熱情』
．我們在既有資源條件下，竭盡所能追求與堅持更高的品質 
．我們要求自己不斷進步，抱持一次要比一次更好的心態面對所有挑戰 
．我們找尋更佳的工作流程或方法，不放棄任何可以改善品質的機會 
．我們持續在產業中創造自己的優勢，做出符合玩家期待的遊戲
3. 『追求卓越』
．我們懷抱理想，展現對於遊戲開發的熱愛，不畏艱難，且不輕言放棄 
．我們積極投入工作，保持對工作的熱忱及活力 
．我們對於周遭事物總是保持好奇及學習的心 
．我們對於所面對的人事物，始終擁有正面陽光的思維，並接受任何挑戰與困難 
．不僅自我保持熱情活力，也能夠感染他人
4. 『承諾』
．我們對公司、團隊或自己所設定的目標或任務全力以赴，使命必達 
．我們在審慎的考慮及規劃下，敢於許下承諾 
．我們努力達成目標及任務，並對過程及結果認真負責，勇於承擔 
．我們不論遇到任何挑戰及困難，堅持做出好遊戲的目標終不變 
．我們承諾具有挑戰性的目標"
"35","新竹科學園區力行一路1號1樓(A3)","","新竹市","IC設計","IC佈局工程師(台北/ICLO2)","IC佈局工程師@類目@類目","www.amiccom.com.tw","笙科電子股份有限公司","具CMOS類比IC layout 經驗","一、無線數據通信產品(wireless data communication)
二、行動通信產品(mobile communication)
三、衛星通信產品(satellite communication)","笙科電子於2005年11月由聯笙電子獨立出來，並於2007年5月獲得日本三菱商事會社旗下亞洲商菱投資顧問有限公司及台灣益鼎創業投資管理公司共同投資，為一家專注在無線通訊領域的晶片設計公司，致力於整合型晶片的設計、製造與行銷，營運項目包含無線數據傳輸(wireless data communication)、行動通信(mobile communication)、衛星通信(satellite communication) 等三大產品線。

無線通訊近年來已快速成為所有商業領域的熱門技術，全球競爭企業不斷運用新的無線通訊技術推陳出新。本公司的研發團隊具備優良的學術背景及多年的設計、行銷與管理經驗，研發單位人力佔全體人力的 70%以上，整齊的人力素質，高度的整合能力，使得笙科的研發團隊更能掌握最關鍵的技術，並屢屢締造佳績。

2004年7月，笙科團隊成功量產了 PHS 的無線射頻晶片，並已供貨給國內外的 PHS 製造大廠，當時是世界上第一個以 CMOS 製程設計及生產的 PHS 無線射頻晶片。2005年三月，笙科團隊發表了 2.4GHz CMOS 製程的無線發射接收機晶片，具有低成本、低耗電量、高度整合等特色，應用於全球認可的 2.4GHz 頻帶，可選擇的頻道達79個，提供 1Mbits/sec 或 3Mbit/sec 雙向高速數據傳輸；同年五月更成功地開發出世界上第一顆商業化 CMOS 製程的寬頻 4x2 陣列開關(950~ 2150MH z )，可應用在直播衛星系統(Direct Broadcast System)及有線電視系統(CATV)上，2006年量產衛星定位接收機IC，2007年量產一系列Sub-1GHz發射及接收機IC，目前正逐漸往無線藍芽、Zigbee及數字電視接收機方向研發規劃，以因應日漸蓬勃發展的無線通訊市場。

無線通訊產業不僅是目前的明星產業，未來數年仍然會維持高度的成長。過去幾年，本公司已有多項產品量產，在市場上表現優異的成績。展望未來，本公司將以更紮實的研發實力、精準的眼光及穩健的態度深耕無線通訊市場，提供客戶完整的技術服務，堅信未來笙科必能在此競爭日益激烈的產業脫穎而出。"
"440","建一路166號18樓","","新北市中和區","電腦週邊相關產業","業務專員【通訊產品線】","國外業務人員@類目@類目","www.leadtek.com.tw","麗臺科技股份有限公司","1.二年以上相關工作經驗，熟悉SE Asia, EMEA國際市場Medical/LBS and IP-surveillance等產品客戶,SI及經銷商管理。
2.精通英文，認真負責、擅溝通協調、積極主動、學習意願強烈、重視團隊精神。
3.暸解客戶需求之洞察能力，以提供符合客戶期待之產品。","1) 電腦多媒體產品【娛樂及工作站繪圖卡、桌面虛擬化終端設備暨遠程工作站系統、影音多媒體產品等】
2) 寬頻通信產品【衛星導航與適地性服務、行動寬頻產品、視訊監控系統、健康照護通訊產品等】
3) 新事業產品【雲端超級運算工作站、巨量資料解決方案、電腦輔助設計與電腦輔助工程軟體等】","麗臺科技（Leadtek Research Inc.）成立於西元1986年10月，秉持”誠信篤實”的精神，堅持以「研究創新、品質至上」的信念，提供消費者最完善的服務品質。

麗臺科技是國內唯一超過25年經驗的專業顯示卡研發製造廠商，長期以來致力深耕電腦及通訊產品市場，目前有兩大事業群：電腦多媒體產品、寬頻通信產品事業單位，產品線延伸經營觸角含括：娛樂及工作站繪圖卡、桌面虛擬化終端、雲端超級運算工作站、衛星導航解決方案、適地性服務系統、行動寬頻產品、多媒體影像電話、影音多媒體產品、巨量資料解決方案、醫療儀器暨通訊照護產品…等多項領域，期望以多元化的領先技術與優異的品質滿足不同需求的消費者。

秉持追求創新研發的精神、產品屢獲國際大獎肯定並且標榜「高科技研究發展，實現人類的夢想」的麗臺科技，提供您一個持續學習與成長的機會，誠摰邀請您前來一同擁抱夢想、共創未來！

1997年 榮獲「第六屆中華民國中小企業國家磐石獎」
1998年 榮獲「第二屆顧客滿意度金質獎」
1998年 榮獲經濟部工業局「建立智慧財產權管理制度績優獎」
2002年 榮獲進出口績優廠商前五百大之殊榮
2003年 榮獲德勤亞太地區高成長企業前五百強之殊榮
2004年 多媒體、影像電話及監控產品榮獲「台灣設計優良產品」、榮獲PC DIY票選為玩家推薦廠商、榮獲PC Magazine票選為風雲廠商、榮獲NOVA情報誌票選為CHANNEL AWARD-消費者心目中理想品牌
2005年 影像電話及監控等三項產品榮獲國際大獎CES Innovations Design and Engineering Awards、衛星導航產品及網路電話盒榮獲德國iF 2005 產品設計兩項大獎、與法國電信合作推出世界級最大規模的影像電話服務
2006年 麗臺顯示卡及多媒體獲2006 玩家票選品牌大賞、麗臺影像擷取卡獲2006NOVA CHANNEL AWARD 消費者心目中理想品牌第一名、麗臺WinFast DTV Dongle數位電視棒 榮獲2006德國IF產品設計、日本G-Mark設計大賞、台灣GD-MARK優良設計三項設計獎項
2007年 麗臺遠端視訊監控裝置”WinFast CarePhone”宅護通、麗臺IP攝影機”Leadtek NSC-3622”及麗臺無線傳輸心電圖(ECG)紀錄器”Leadtek EasyBand”榮獲「2008年德國漢諾威IF產品設計大獎」 
2008年 麗臺科技LEADTEK品牌 榮獲「2008 年台灣國際品牌價值調查-潛力之星」大獎、麗臺顯示卡” WinFast GTX 260 EXTREME+”獲2008年電腦王PC!ADV及電腦家庭PC home合辦的十大科技採購趨勢核心零組件類金獎入圍、麗臺數位電視棒” WinFast DTV Dongle H ”獲2008十大科技採購趨勢數位娛樂類金獎。
2009 年 電視盒 獲2009年NOVA通路理想品牌－電視盒產品」通路首選
2011 年 WinFast VP200 Zero Client 獲得 reddot 和 iF 產品設計獎
2012 年 顯示卡GTX 550Ti/560Ti/570/580 獲得IXBT原創設計獎
2014 年  WinFast WS1000 繪圖工作站獲得iF產品設計獎"
